hashed_customer_id,repayment_on_time_ratio,debt_to_income_ratio,balance_trend_3m_inr,cheque_bounces_12m,overdraft_usage_ratio,account_vintage_months,txn_velocity_anomaly,monthly_income_inr,credit_score_cibil
0b7cc13d703365d9390423a63730295d15c9404d2654b50f8a063a2dfe9781e8,0.911,0.2285,7941.39,1,0.06,137,0.7824,88752,746
6df219487765a6fc8aa12423d240ccff820c5b93ce8b04248b1c58d619c0af85,0.6116,0.7014,-6060.02,1,0.5219,71,2.2782,34334,410
2cb0018e151b345165363bde37e8f58a33e6eca91406bbcf9c16a258c4527e28,0.8633,0.2103,6959.6,1,0.0,90,-0.484,71431,697
383056df154d2d6100aa7b39829846f1b9c6d262abb9fbfcd13df5804173adbd,0.6175,0.5744,1230.85,5,0.5617,23,1.1692,19982,461
09dfb82f83963ef2c8415900231e11c15666bbe6fa10db7cfc35a791713d8661,0.7964,0.2814,3084.59,1,0.1839,109,0.0231,51029,690
1f743bd3819e573e17ff64b5b50e148a484721178cf482e635f395cb2a99ce65,0.7136,0.4789,-784.38,3,0.3524,60,1.3715,40756,508
a74de8ead7c45b7720736c770048141e0c699a388cdd750b477741cc011da478,0.9261,0.0899,9080.56,0,0.0,118,0.0696,96637,778
5171e9822dd4b1cca15b6fd757893a231e62c8717e4d90de974b455726e5341e,0.9303,0.1076,10159.52,1,0.0586,116,-0.88,78757,804
4955369e5f087b73d4ad49d6b7f7f2d19cbb074f3ede9c6cae9152575c3c4155,0.8756,0.2916,-951.29,0,0.2305,90,-0.2066,57313,763
5884275af9c91409304c404c6523e37abb5b543fa21b791f1d39dba16b3e6477,0.8025,0.4872,9919.36,0,0.2214,115,0.3196,53687,706
6eb0bd791b95af676ef2cc3cd9a8dcb4c83b6916167b38c13dbb9b2e8d82f6c5,0.8784,0.2715,8861.29,0,0.2264,88,-0.0455,79697,772
6a6f80c9cb7ba4eb19f00cde36063a4dd2d1849c3286a599db9c64b466b4019c,0.8753,0.0576,8541.97,0,0.2552,117,1.2021,75890,710
feeebf84551a3ca8da3bad4cdb8e24e87da4ac902d90018b18c5ca9c576d41cb,0.7689,0.4045,4144.73,2,0.1529,99,0.1183,69135,688
d900a4acedec4bf951209473d02185b9d41e573e411af1adcc88c049c7e0eac6,0.8212,0.4699,-4449.5,2,0.5148,29,0.7882,68110,554
1067535af16c5cb218ca9a717111f651b86282954a814cde8ce680cba61457ba,0.8835,0.3735,6939.66,1,0.2079,74,-0.0497,91621,673
1781ba1f7bfa76c637449dd5a44f42d7c6fac617b673e74d24111090f578d036,0.8916,0.2697,4642.99,2,0.1514,89,0.5501,110554,702
1af5b28e8e6687d0116cd7ae31b242c22ac58c06a9aa6eca6b16a21c88525523,0.662,0.6399,-267.61,3,0.4859,48,1.8592,12162,439
78bd6cd3a7826dd6e45318c69616fa1b82028fb125f390bb08cd0ebc42fee476,0.6355,0.4635,1378.41,2,0.3255,60,0.6449,44680,579
c886c7b50950dde26bb2b7cad2f4b213c82280f5a0574cf699e140eaf6b33a21,0.797,0.2033,8461.22,2,0.0,112,-0.2308,98461,799
9c368a3b963be2d25a94fe6ef6affb13538d1c3a961adfbf7648aa55fc471d4b,0.8602,0.3753,4079.53,1,0.1253,74,-0.1767,74013,745
a82ac41143304d226064a925d6295638dbc73920021ca636d574776d50718184,0.7453,0.3586,7018.6,1,0.0866,133,0.7629,83180,718
1b29c7bc135b1fa7861104438a258665bd871282f0d4da224287f7c650edd246,0.7103,0.5758,-1900.77,1,0.4961,66,2.5093,58649,592
c7347415765127ab83c12ea49fc89865f5772dd5b57d0620ab6eb16a19b32a95,0.8427,0.4098,11710.38,1,0.3597,101,0.7807,96880,695
cab1878779b7bc3006b41ab9e63a45d333788645abdf7ca0cddf507f7a51f0bb,0.6455,0.7141,4698.81,1,0.5658,25,1.8565,51560,440
d51b02b8a4402c44d70ae18885160294ac275e47e4593f26658787286eb09155,0.7959,0.1631,10482.8,0,0.1528,83,0.0506,92366,671
d637cb78362841278d4c96b235d68855f5d31e228699060b740f26bd2de79d2b,0.9204,0.3288,10838.43,1,0.0187,146,-0.5741,77885,733
0da8909f0cae30533111ced1d98a8ac9577696a8c47710b827632864a6ee8bdc,0.9629,0.1163,8612.66,0,0.0,84,0.0936,92491,791
ea868c831122f21147871996e0a86b38800881655b6ef03d7bd95cade72efb4c,0.9372,0.2695,11095.39,0,0.2904,118,0.3205,82598,693
45a21a0dc6fb77ea43f5c0438a011f9e514b50993bbdbd1aeb921e89802d7750,0.9329,0.0798,8476.8,0,0.0,97,-0.4861,70826,778
9b8d3a7910daa693c501688ead7b71080b8542201ec5310ef99a920c03cdd8b0,0.8171,0.3581,-2222.56,3,0.0669,63,1.6191,81745,645
429839babfee9ff9fadac242f8e209c63a061ecf40561816f8a71c1372cfa5f4,0.8323,0.4857,9632.41,1,0.2981,80,0.486,85169,698
eafcb752f31f67a7be6499ad0ed1d39f4b8b668dab8a3eb31495bf2a1a0b3702,0.9233,0.2551,8422.95,0,0.3486,72,0.8801,68352,673
d57e4fef6d44d70f314da3ad6cec50e9dce84494a46321b8d834159e1b0c8b87,0.7794,0.4452,4474.17,0,0.3832,89,0.7345,90599,680
0d939fc7e40713da654a40b41c6fa7b493892a79c6f7d89a63926f52d282e9d4,0.9738,0.1981,4425.36,1,0.1798,65,-0.2087,80415,728
3f457bcab95c0a3bf245ff696e703af2b576286060bcbf8f611c3fc1854bf4c1,0.9648,0.1114,7276.01,0,0.1588,117,-0.7844,67279,826
df14f7d206ec4a14cbc6279f9848ddecb1b77ec66a0d2f28cc37ad68e782b416,0.7642,0.4036,-2046.32,3,0.2686,77,0.7438,80001,668
413e6cd2c08697a46e5704ebf0705f589d07cd570c47befdaf6a673e6596c574,1.0,0.0239,12235.18,0,0.0,100,0.041,77621,826
20e9e1eab23e2e4879a8d484cd89c52d11f3466a968ed71f64b0aa20f0be3aa3,0.8424,0.2985,911.93,2,0.1739,128,0.1016,74246,654
5e930563005bd7f130ee64664d1fef29ccc3e94a10d52846df231274e0da14dc,0.6399,0.3312,4049.89,2,0.3346,65,1.082,66768,610
c2177070eaff469da83c667af63671e3cebf5b6e0660fed66319ea82ad907c5a,0.4817,0.5795,-3484.39,3,0.4246,39,1.1493,47364,523
8896428fed702851246f1e75d69bf06e074d1472c3927d88fdcd04fbc6745db9,0.938,0.3499,1950.59,0,0.1327,90,0.6439,92623,732
323830cfbbc376cee1b9d208c2d0cc0ea9f1645f9407a1c4c6a5edd874bbeea6,0.6724,0.6651,-959.25,4,0.3706,36,1.9913,46449,418
df5c3530463745590c3659d3cb34ac99d2cd90ab9683e34fae24a975113d2f82,0.9916,0.1253,5916.65,2,0.0231,133,-0.4847,91811,818
e31ec4b51dea8e4ec3ff8eec772f34012160cb277a2741b59c80243e3a68d86d,0.8188,0.4206,7103.62,2,0.4003,138,0.4702,59280,632
c41cebd14b6275be7ce33cfff993a78ff21c936c3e1f663df06ab885747babb7,0.6169,0.5453,-3356.69,5,0.5696,70,1.8765,53459,524
dd0254b57bd2198383ccfdc2acd56c07b1f1d8131d135287d19d34729985438f,0.7274,0.4089,178.38,1,0.3017,93,0.3804,37151,567
d3fc1c407845a86ab226812d3b9a4210812f332f8f0157f383246cf54df39148,0.737,0.5287,-5070.38,2,0.3445,103,0.546,81258,555
33e60978a6ddb0cd06987546f0fc3698a343474c5af1fb3445d4c97469d6fba4,0.7645,0.3458,-2107.86,3,0.1241,92,0.5762,49335,651
a919e0b676d34f8c56c1e664f621cc1c03f7476b2a2d6f8878916eb485662f6d,0.91,0.2481,10221.79,1,0.2712,122,1.6012,67215,696
6ef349597e680fde9d4bfe931a11f89b513f9110f9e4d7b4fb92bb3f5c25b496,0.7174,0.8003,4413.0,0,0.6495,53,1.5313,17081,494
3c40c15702347762d6c4ef5cfc0a0343069f98df55236abb0eea4d15001f951b,0.9622,0.185,8426.1,1,0.0,120,0.1181,79169,776
74f974b4a05ad4a2b7b7d88e4e54d7497e017549a1f0774454418c2d0da74c52,0.9316,0.1884,5494.11,0,0.1278,122,0.0369,89351,751
bacd1106278614afced927b001d0694b2ad99ade5970b5961de1046e2b8e7566,0.8247,0.2223,5789.19,0,0.1865,69,-0.1317,74386,753
d17515ca38ea4b2228542bd41ffebfcd1c93dc01240f4b5b792cda97c37c6daa,0.9119,0.426,7657.47,3,0.2513,98,0.5732,90693,699
c776b12973e6fb1752abde2feb39d8f1c2bc7f4ef768381307f0c96f0bbadfe7,0.8333,0.2967,3341.01,3,0.3689,60,0.2992,76119,686
8a7d032f99b4d1b89210bd413eb1fe966f6f50d70a70cb49341d97a3863df5f1,0.6085,0.5043,-599.54,5,0.6561,8,1.5836,32723,481
687d2cee8da112db3f3a4a58a9572f426af1d8a1a84a910e6414a59f22a52d40,0.745,0.4364,1589.22,3,0.3116,68,0.3439,53342,567
f25ca36dcb0166d4d9e9eaf82b23fd25c9dc4c8a849c334a731c14ede0f55086,0.6376,0.6724,-1698.71,4,0.467,29,1.4862,65003,519
d0fdaa8daa1b730ef774a45182842de90e3729b37230919481b8e4a4ccd3f87d,0.9176,0.2923,5728.03,1,0.1162,110,0.4882,99268,754
c6fd2bc9dc840d83a697a7b42143d692a952f62bf4a0654ca03bb35feeee7cf6,0.6689,0.4421,3111.2,1,0.2475,72,1.0825,41485,623
2916567bbf77c8313128b5bb56e4e01a894b6bc638c8110a3b7eb0a48badff48,0.8736,0.4629,1646.42,0,0.244,92,1.1298,60867,736
d8b8617c807163840efc4557188719e6f1ce95654c29f8d6c4c7492fdacf5747,0.7236,0.5395,3220.42,2,0.3925,48,1.4171,63736,584
5903fcef7f7c4ce91ef328afeb1b5f1bea12c568d26fc9aa97d3055a1aa81582,0.8685,0.3438,2903.52,1,0.249,104,0.6066,74997,660
f806282497c66537ce3ef97faa7d1c1f5d95debbf371d6217e9c79796107ccbd,0.9733,0.1101,9881.92,0,0.0,126,-0.7139,81576,841
71eb506ba8399d0297083baf21bf046f8da8dc2b94f5366d88634dacb24526c6,0.8135,0.3779,8762.2,3,0.1692,97,0.3348,82491,650
c50c784216930892ac3ef10d9cefa734301046adfbe47808e9e863066c42e590,0.9079,0.0775,8551.4,0,0.0,100,-1.0465,81602,841
16151d6862a9474a2d6822cf48a12c2e2386c39a365834adcbaca804b331649c,0.8263,0.3968,6408.14,3,0.1698,77,0.6367,85683,651
1808b25cd9c752cb673f07e6b22439079fa38cec157f386d8be10846a3276bf0,0.8443,0.2813,1268.06,1,0.1656,127,0.2442,90043,725
85ca5cceeeec5ceb74b66f566dc7c3282e6a40a5b0afb529a2b556f34b453cc5,0.8408,0.1538,4543.32,0,0.2036,119,1.1668,61444,742
97d98e3b7fc5f3127ea02b0235345fa26b068dc35845491d05f52be84aaf8a18,0.5881,0.6616,-2276.8,5,0.5923,17,2.2361,26144,438
45279b9af883c2f614b8a7bc7bb863771f389f6ccabb5094645f4a9c614af752,0.6125,0.6267,3964.53,3,0.3865,26,1.4287,28840,427
f91cdee17598c5b5423f0724de6c9dca133321a174c5027079021c9fb7751b15,0.8092,0.3299,956.73,1,0.0688,86,-0.587,85526,755
b4fa11b4692bc4aef362d014bb6281ebbf19355444697a679381eefd181b17ea,0.5408,0.5792,-3718.49,4,0.6927,11,2.0827,25314,409
6f5249e01ff224489b51d4665fafb266b602e6a6f686e0279068e31a04646953,0.7176,0.5205,4706.41,4,0.3701,26,1.8386,31278,556
19c20df35d6155668fd647c0d2f62c04948f9e486f5352138ca46031604f5948,0.8537,0.2398,3822.84,0,0.1559,98,0.1541,58701,747
c808a971b2a6924a0fc174974994b7f64786e1c5a3c275b02663af16418fc0f5,0.9175,0.2766,7224.0,0,0.068,127,0.1985,96835,775
f6e6725b18ea7f28ce47ed8944a5f6f9f6eec2651b0f9f747edaea777bdf2d1e,0.8845,0.2697,7285.18,1,0.2617,86,0.1514,84506,712
bd93e6f046667501f799182e38e8069f68377bb7f91d0e67d0c5ef86bcfe585a,0.9101,0.3608,8044.47,0,0.2175,110,0.3603,88201,766
6c50e5127de4378b8e9c6863641b5bb0dce42e8a24257bfa1fdc4cf30333843b,0.5555,0.7031,2908.77,4,0.5829,33,1.0591,41188,467
d89d4dad89ac35fc552474b7bdea9aad58959f97f7cdcb83fc13d1c3e56d276a,0.9312,0.161,9335.5,0,0.0831,137,0.7041,79996,797
dc72eef4baaf426bf7596bc8f44484854ce1d5d5eefe5466490863e1c203315e,0.9,0.3288,9491.49,0,0.0924,83,-0.1579,78803,709
d14e00a8cb9a06045346d001f17d4fe96fa5e27e8a8ac5d2a6e2eee5001a5f71,0.78,0.3062,3895.29,2,0.3935,80,0.9018,111279,679
a84cebccfdbd040f7d602b4326b1ca0d75cbd328e20ecd7b5f28fc6aa93bfb90,0.9482,0.2151,6785.35,0,0.1254,107,-0.4375,112322,846
813bb2c220c17077b7658efb8aaf2a85b001823878b8d52b5098f0b18acd0c07,0.4653,0.6453,-4646.51,7,0.5131,1,2.236,21170,364
64cc15e436c9120400002d151027d9d718f61f1321a002dfc7710a5c8270c9c3,0.8956,0.2461,1979.46,3,0.3241,106,0.2881,67918,772
219b61488e2d57c131de4a6b6d646b112cff7a968b4bf99ae1b26aeb1d778f59,0.95,0.1999,10090.29,0,0.0008,118,-0.1001,49838,827
b9d1bdcd7d7b7cffa46a691ce986f9bbc6396ce192cd7a53907f7afaef2d6016,0.8827,0.3027,6599.23,2,0.2308,115,0.1774,104067,741
5738310ab8647909de75c6dd41ac6cd31c036881575ee9db1ac725704643a947,0.8176,0.1856,2375.04,0,0.3722,112,1.1511,81881,668
b822299ed4f1f07a9cd6c534eed19f6a0b1d491f9f7083350f312512a1044258,0.7067,0.5363,4503.1,1,0.1876,102,1.6026,54547,640
9c7b88c518826c5c92e2fe82af33284c4fa214288728e48e0cf958159c24994d,0.8631,0.2081,4013.14,0,0.1604,78,0.1771,64893,754
7ede2a767d98b17625ddccd0d82abc32a67dc6c57e36f23390c0b3c048c3abd9,0.8818,0.0126,10955.89,1,0.1324,134,0.628,75441,759
ac95c38b666b4c3203acc7c4ba0e6e86b1a436c1de2c7df5004967d1460d252f,0.8081,0.0539,4407.4,2,0.4278,103,0.378,84492,680
2a18263461506554fa183472b68fad473a1027c880c5c9435837413aece0d165,1.0,0.0,13127.79,0,0.0,119,0.1086,96795,854
41360688b1e5ad0426fd575fda0d9cd1426ec1c80e2f7964ba208e787c527001,0.7894,0.342,3602.44,2,0.352,96,0.7582,82537,623
1e094a04e76cdae6279dd789873d09d739a2665d602e061dbdee0797d7e42236,0.8862,0.2867,7782.06,0,0.1663,64,0.0481,79357,669
83965cd78c5f0e689d2335e8ee3ed16030c787d9a57af55b0e7b3546c72bfc94,0.8027,0.3683,5874.99,1,0.0624,123,0.5234,89628,710
9634a20e50b3edb03c240e99933f69b5bf632b0216f8fcfd415b67b855e33298,0.9158,0.227,8567.29,1,0.1346,112,0.4845,86000,721
a6ff3bf36bd4c3aea2c51ba4c4492de955911f54abbfd740b9739309d24c384f,0.5006,0.6387,-3112.5,5,0.5379,7,2.1724,40739,381
ce9cecaf21fa15a1226c68c6bf67bcf66012f50ba96949bb4853d3fd292abb66,0.9074,0.1994,2172.36,0,0.0076,97,0.2739,53521,740
d05a712d45c23133410d96aeb45ce849cc42215994fced0411f975b08f82216b,0.6657,0.5744,2918.07,3,0.4355,17,1.9543,27573,468
e68c31e080d972ce916f99848da262ec6d5ac6442b030bc495651d820bf04243,0.91,0.4073,3546.67,1,0.3434,76,0.7264,61519,658
91facc841a358511f92e2f5fad40d1858ce7be10e3be23adc89182a48ec2eeae,0.881,0.2476,7852.56,1,0.2045,86,-1.0687,92108,675
f11af92771f3e4abd8e48d93d45f20d51c7c0aa35660d7d3bce0991876069243,0.9439,0.2092,11275.75,0,0.0,99,0.4981,123968,807
95f47775ba8785ad57df5f3f03cf243d722bfaa9a269bdab447f3a9597513cb5,0.587,0.6764,-5736.09,7,0.5218,40,2.0344,25983,413
8dcf7f245de9c53cbeed874da0d4ebfeecb06be6b71e2a262b15b3d32b66c87f,0.7918,0.4716,-2198.12,3,0.3777,81,0.9791,40406,527
9c36acb87d934d8bd75d49d8f36a52295ce39efaa4901ea93c5b01313d74c97a,0.7768,0.2549,7715.93,3,0.1917,97,-0.212,48008,687
58f4071618d7afa9d02d020e16ca7bec489797784441418c0ed7a925e0f9bd21,0.8208,0.3779,4978.59,1,0.2754,92,0.1541,91024,653
2acb792ad900a05822a4cdbfce279aae5eccb989149a7325ab17d0821459dca1,0.7855,0.3731,6729.55,3,0.2704,92,0.4346,59321,658
31bd278ddfd22128460f8d752f444dd03bd2c4ec6b2d2e921b13e630d0fe1526,0.956,0.0768,8772.33,1,0.0,126,-0.7299,140678,829
198a46746e170748d79f39ccf65b41c9268c461301b858914accbfcf130f2859,0.8529,0.3567,9157.5,1,0.1003,79,-0.0585,68041,704
048ffc66456be58d7a0425233d12f924ea83aeb3fe6a04e667e64bfa8fa8eb11,0.6493,0.6711,2704.32,1,0.3592,50,1.478,85895,533
4b64d34fad88396ea5a6f2e98d69cc0897770261a7fd1dbeee7f7f4fb5e5ceab,1.0,0.1378,10413.49,0,0.1304,122,0.6053,108823,835
b1809b6c0f1c74192befc05b8c6016b324793b9ff1b19a43eb76e687b241aeb5,0.6156,0.6373,-520.06,4,0.5057,61,1.7899,34453,551
1cd142ac183093961863aedcabcaf11ec0e004f352950c0baa67a61925eb6952,0.9449,0.246,9344.48,0,0.2316,121,0.3319,96267,807
dfbc5a7a0938724e2a901ec2baa27e57896c16505b605496127bd89db750267a,0.7432,0.4843,4306.24,3,0.384,62,1.1658,62118,590
d19986a5ca841552b55990a55444ff4a9227c60b483917e1712faec7ef7faf6d,0.7735,0.4171,3086.99,1,0.3463,47,0.9024,60619,646
6da093120d83cf431fd400fd38f3c3ef6833e01eb51d96b183b9e2a3949db6f2,0.9291,0.0282,10934.5,0,0.0,140,-0.155,109054,824
71a2f9b0d93e106464b3cf752d132a391dc3cd2183a22f1754d9a247c35ecf4a,0.5932,0.5587,-40.86,2,0.4502,50,1.2062,57946,532
1c463e7455c3c0182f207bf1330e669039bfb380d7d68cf693e27f01fabe14c9,0.7966,0.3186,4616.43,1,0.1228,136,0.4386,78239,659
93f5a2086a48e995055ee34990d01183709c7aba1ba1d807ce896694438cada9,0.7701,0.3367,9408.41,1,0.2242,78,1.0796,69023,659
ac230d159e2a5a5e06cebf9e6584a6220e616b2d27237d1f982d52c9b0ce9f63,0.853,0.2602,8886.06,1,0.4917,100,0.989,57207,731
de6fdb144186655d300d4426ffa11550a49fc2b6b17c70fef28c5b8689f9e585,0.6251,0.5037,1094.42,0,0.3961,115,1.3625,50081,518
4bc554ab0a2000b9dd01c700e2a20897f8fb2a09fcc1b52e1df1e1f08c8d997b,0.9479,0.2725,7859.58,1,0.025,113,-0.5408,87794,757
cfe16ca67790c17f045192993fab67fb3f3b4c85782e731916b2fd5a413af9ec,0.9145,0.2182,5156.27,0,0.1503,108,-0.1002,57255,794
b210fa558431e903aadad745da2f0aa79db968f6d09b22fc2d6821dcfc9f4f61,0.6451,0.461,-1451.21,6,0.3856,24,0.9658,44232,494
f545dbf1dbb4173f7aba711923731b49729f10039719909310e9e2d49ff33290,0.9172,0.2571,6281.84,1,0.0898,125,0.4669,73767,684
cd952f86fc9c0578bd219051bfe5164eb0291b66669c02948cf2e8b9f9434330,0.5556,0.57,-123.71,4,0.7173,7,2.1628,12947,376
ccd90ef4bd8f1d92098f08edb800829030ef633680e89bf317454e00f7d004b7,0.8599,0.2648,9134.75,0,0.2312,115,-0.0128,78402,678
870bf7b110191673acbfee76769068a558bb1c346c3b0b080b880834ce3b6367,0.792,0.3932,1252.64,2,0.2513,79,0.7048,66417,731
0b10e91996d9c86e23295335b2b4b0de8fd83dc05bf03bb0dd07cbe2809d9def,0.9616,0.1608,12067.61,0,0.0,121,-0.1189,124346,830
2f2f688c3f47a2831542953147c0b9f6aaf241d109aa75e6cb40185e29f83b13,0.5704,0.632,-3016.47,4,0.4789,1,2.1785,35301,407
3359c6ce392ce9e6b0968e1cc2510cd08f6f3b2a9fbf355c8f955122e9c35584,0.5224,0.7303,-6043.65,6,0.6776,54,1.5158,45766,424
e1b7114679ef4b89e66ad536e11ce2ee7018b61ceb89ae3ba2bb8b695b8b7119,0.6259,0.4445,5820.49,0,0.3582,60,1.0111,54559,548
6cc369424be7ff7cc0c6bd90da70594b9e3786155ea9fa2ee4850418202896a4,0.6926,0.4001,6008.35,1,0.027,40,1.3812,27190,560
ed263c21cdda982eb5afe7fe461571d34c24ee5b410b19bff3e18c717b38219b,0.5772,0.7765,-2432.54,3,0.771,51,2.9341,39558,380
a1c0c47c81cf77f784cd8013cd1f8f4fa5ebd57a449666b26315cdfeca0d6768,0.9525,0.2414,10498.14,2,0.0834,108,-0.3103,81443,753
7be1e87e9ffaf61dc1da1e89aba808fe08efee528a533318dcc109e993d480ce,0.9505,0.3292,9017.26,2,0.1657,112,0.4324,77445,677
fbc1efa8dc8eb8e53116c74070c586c9d0f4c6a8d46eaba343c43c155e8536a6,0.986,0.2078,10833.37,0,0.2428,121,0.6099,66317,690
56d84c3fb1ac2aaacaa4c982f5184fe93c22e9465f49960b90bd6ffba9de0712,0.7491,0.5987,3519.21,5,0.3931,72,1.1347,54878,591
b375fd5fe975435bf1c9dea90281dbe20440bf08533334725344be7eb8107e00,1.0,0.1275,4580.61,0,0.1321,76,0.3615,108317,772
32d27cf80fd003b1a91d5b70902e87da43f1404336927210612635440a868093,0.8319,0.4414,9834.9,0,0.2054,96,1.34,80953,659
3d28e46bcf75e0adb6fdecf1c673c8cc409949bd799c77d212015ad8f369d13a,0.8694,0.3617,6714.08,3,0.1363,78,1.4868,89217,662
d53c9382a9a937dd4cce20b6ab6489e396f9348fb11431a54cf8801553d496f9,0.6527,0.6979,-4724.67,3,0.5559,19,2.3684,55540,410
90d7cfc67b8eca0056794df223138db5b8835baf9c2821282fba1e4a0528e274,0.9843,0.0,5013.37,1,0.2191,114,1.0596,59190,777
ceb91bb92c0fd29ad24bdfd64f9a0099025e674242118e19fb6d3e89485c863d,0.9964,0.1303,10347.89,0,0.0,90,-0.5743,75874,815
e16d0825c2e2867d4645f0bef203cd2a195bc3576b46b796a5df3a7dfe445617,0.7703,0.4146,2580.69,1,0.1906,83,1.8789,37759,618
f986b6abb86601cfb0b548521b82343757af863ab417d9f70e53c7a898fbf002,0.9292,0.1634,8928.66,0,0.2046,88,0.2964,98485,817
5a179efa699037e46be807408c24ed65bbb6d771422c9266889ed832c8d42796,0.9121,0.3399,10100.31,2,0.0395,109,0.5962,78244,835
9c358da304dd6750a5c4a5e173f8e20c2347be26188a6c2a713d46b623067fd3,0.7298,0.4288,-736.77,4,0.3204,62,1.1475,44462,592
316b2c146c78ed765d5f352b4b84fb73c874280e35a3cc626c91d2b93d6be049,0.5769,0.5968,-4959.74,4,0.4271,60,2.2445,34823,398
799f75a819d0f9cb553a7205f57ec63839678238646df9225ac327b5cab6f770,0.9201,0.1261,9047.64,1,0.0779,98,0.6355,94486,766
2000742ebee1694ff6642b4d0cfc16d0fc9fa21d6379d53c876e4b5ec285bf0e,0.5632,0.5015,-1170.14,8,0.2254,84,0.8703,26680,531
13b43df0251e2eb9b99c9ce9ab6aec9e58302b0eacb556ee513a96eddeb52af2,0.7705,0.6244,969.56,1,0.3248,75,1.3121,30617,548
3ab718078509ec79dcec6eae2188b22c7909e005e0edce35b74415cb18dc2e53,0.7478,0.5559,-1265.97,3,0.3125,65,-0.1234,61427,556
f9c3183bfb484909e413eef4a5f46f9f59d6c741bbbc37d6705725fd70d26dab,0.8704,0.2573,4671.69,1,0.2052,73,0.3252,93598,645
1dfeebe4021f9f478685f787a012e4e6bf01fff5046bd196085f77dbd1b03680,0.9922,0.1551,9725.33,1,0.2126,83,-0.4241,86714,808
3dfb18ca904a1c2a9ed5f840c7febc189aa466705720e9d5c439fd5618842a08,0.9222,0.1374,9033.17,0,0.2953,115,-0.052,73273,740
015b62bd411b5f60a9a42167cc0f461c340ee9e08373e145b5a5fb0d7bcde8db,0.7736,0.6226,-1323.81,0,0.5096,45,2.7536,19996,506
c7a77369a4ba09a505b6ec1a4c6cc1bf3fa1a2e3cb9f8a75ebad20bc557b25cb,0.8703,0.2844,4465.6,2,0.1726,139,0.7648,103465,749
8f55840a771c81ed46d849098e51975508d5125a9a0a4c53bae1b391ee53c0d7,0.9937,0.2681,6262.77,0,0.1365,88,-0.4628,68776,735
4375c6fd247b4611753bba8efef8a8baaad0617183b98609aa88a439e42ef8fa,0.8801,0.2323,6454.4,1,0.1468,72,0.8236,54902,651
1dc204d832aec2c1f2f1c99a91bb68076da501cb7925bf917eb290464abb49fe,0.8169,0.2664,5409.77,1,0.234,90,1.0606,43306,663
4f2a7b63518bdb52daf39064eae1bb66ef4d3873b7bc86de554952617c7299f1,0.8412,0.4358,1560.69,2,0.3347,63,0.7116,41598,590
da245d5295bffcc0dc29e37090cee128cd919789aadbd726422412430c89c19b,0.897,0.2063,9556.27,0,0.1357,121,-0.1434,78450,753
f8451d620ae8a2f0bc2d84cc2d7d290d6a0edd8325c8a0a8c13845e0a1057e9c,0.9333,0.0079,12939.31,0,0.125,139,-0.0485,88055,840
6133518aaafdaee5d430dbfaad1c71a3348af57c4ad1111cceddee2ccf052b1a,0.7472,0.5293,864.58,1,0.3779,56,0.7769,29864,536
d21d247467d99be27530a5d6c9373ff841a7120e43468f069cc6c8d30e787385,0.8669,0.2852,3907.24,0,0.1264,124,-0.777,96421,800
2dcd9b78cca47d5569802807a05a0fe7075710f10c03894f6e99413719079527,0.7325,0.4963,1744.15,2,0.4807,65,1.3592,49020,538
0bfc700baf8c9d3787a6785b5324031efd18b5573751ff0575afdf1146df74f6,0.6117,0.8001,3684.3,5,0.5859,1,2.0392,66942,479
c7748db056bd4a27972846fc298f393f875c91b03ae8e9ece6698df618d71b12,1.0,0.2765,3469.06,0,0.1035,118,-0.3205,60199,778
2820fd419982db1b33a0cadcfb56c7a09909f4e9ebca17dc688ef1b44cf91bbe,0.7165,0.2993,3959.4,2,0.1618,86,0.3288,69730,680
a1122ccce174c25c5a1feb1fbb4f334584a70478060e0408a71b8313eb052865,1.0,0.0946,8934.87,0,0.0,146,-0.4677,100550,819
b77b36a1c67853e94c97e3a5c570b4c7f73598d7292406edb7b1ad809ce000db,0.7313,0.4267,3066.54,1,0.2207,86,1.3873,46029,610
0218b1d746f82aebb2c89e86d4bc4c64a03b35ba11f1938b608641bbc25584ab,0.7464,0.3475,3645.34,1,0.3032,72,0.8492,64429,630
8960ecc72ca165ea3734710d13cfe11629b69e2d125bbbaa14f881ef636771c6,0.832,0.1721,10213.24,2,0.1802,126,0.9527,94441,726
978756ffcc6508d0af9597aae1b53005778f0548ac13975e2b888405812f7719,0.8945,0.292,8722.03,0,0.0,113,-0.5414,93274,796
e2ba98e4481e33aa91130375c7066ec296b299597122b53a2e31c5fb5fea7b7e,0.9932,0.0595,13023.98,0,0.0,130,-0.2419,116458,805
c429c1736cf3298fda186539839d312f96a021876d4f8204a0df39c009f86463,0.4807,0.8355,-4264.21,5,0.5808,14,2.1051,8000,398
3305e3023baaba1f008e4677065bde4364646c4cefe7ff1a7c24b8abe1f4ba34,0.803,0.3928,1927.67,2,0.1909,85,1.1984,49916,576
e38ee7427f0a38ff850301cfb16bb185aac39284be832356164cb0f95c945ac4,0.6013,0.6097,-2973.85,1,0.482,36,1.3025,63638,501
033d80a323cd7b595d47ca0b84841fed17b0632d5d2330c6a3ac94966f248d5a,0.8246,0.3056,1105.17,0,0.107,137,1.1524,95314,744
2b8a450a582ee49a84098e0b0884f255f0844b9d0324594f3bc3d73cad83e20b,0.8222,0.2642,6283.59,0,0.1094,135,-0.4366,83874,692
a56a8fe95ad5ae5f4274f94dc26bd0d90e2beb46d9c9981dbfc4206d64817819,0.7982,0.4515,9603.62,3,0.2677,97,1.6694,83520,644
3129aeac4c7640042425ff25cadec3e4dffe20171d609ba4af27d9da11c8c0f8,0.9619,0.0,10646.96,0,0.0683,157,-0.3095,67370,814
8f129e334488d36c86ce02dae3dce5dbb7b867ab260544b2ad31e3c257c66792,0.7393,0.5026,4187.06,6,0.2301,38,1.3508,69943,567
05932f83ae4ae2eee90aabbbc5f2818e538b93e0f9d6cfe729f700e47ebf7704,0.6028,0.5073,-4199.02,3,0.4941,1,2.7592,46845,434
2efb7c76c10398a34801c86572729577a88750dbc24bfeafffbfbae3f12aa386,0.8447,0.375,2985.71,3,0.298,75,1.1851,56619,658
31d6538b9042902167fb125608738167b2f48e1ea67d0ed2e0c478c46fb33e6c,0.8558,0.3485,9093.18,0,0.0782,101,-0.0929,118847,706
28b00ef259c83903e7e1347bb9fd405cbadbf3559d3f7af8e1c09079a0128538,0.5272,0.7386,3408.46,2,0.3389,27,2.3236,35651,411
a0df3070af55754e5400e37537485d2bfe1d62b1e5d0aa32997b4c1d7d077a6b,0.9234,0.1087,12050.96,1,0.0,79,0.9163,54239,764
547a27938bc1ad6dfc53418b32bac5c8bca02685c8327b5cf0eccb44b6db580e,0.9293,0.1383,9590.18,0,0.0712,132,-0.3785,90649,739
d9a37e8ef0bd2eda22e5104282bf023296cbd8a6a5b1f102a38ef2ed64ec94f0,0.8115,0.2065,6642.83,1,0.0067,147,1.2517,70734,780
a80d0987acf5a17b78a14d58b0fe3cd321dba1041db3c2983706358bd3acfb47,0.5706,0.6537,-917.24,2,0.4271,65,2.0021,55894,474
55b75b0c6a81288bf40f28127640291f9f298f9d7418686fbbea607189333f3a,0.7592,0.2243,1592.91,3,0.4124,104,0.5127,75437,645
bf629e97a3e7b69c3004c566dc258478e653f3c24c12a7204e0945210e0dfe6b,0.6908,0.5172,-3307.6,1,0.2207,64,0.846,43227,523
fb14e7e14f598c409760e8036a4a259ceeeb2b2317a09f0eac469671de8e23f0,0.8152,0.3304,2215.99,0,0.1479,79,0.2691,99050,725
63749fbd6b8e44571676bf9479fdec6914c54ccf7d5ce9b8317c6ab1ddd84fa7,0.6968,0.5513,-6.69,4,0.6195,52,0.5536,59925,493
63c57e0c3a6e25d88c9ba1454305e88bd12494333d27cb5479bdc734de95efa2,0.9152,0.1484,8987.57,0,0.0463,173,-0.6803,86853,825
1020301a7db78e75b5d0593d1991aef3f49fb17fb1f2b1d57a92dd5fd852784f,0.8494,0.2182,3441.99,0,0.0492,107,-0.2015,86254,801
68529d1c7912b8e8c16468645ef127d145d9797d99c447c1322432b32199d408,0.6087,0.5811,-1349.27,3,0.4338,33,1.2103,47821,487
a76c477ca396dd31be07ae6f2e0bbdb3f78381c9948b570626ba416019aa4095,0.9026,0.0691,6386.87,0,0.1492,132,0.4055,80360,686
2e3b76a633fc93e521c2bcda13f71877193359fce7145cc4e8d295fa47ce1168,0.8565,0.2098,4357.72,1,0.2545,138,-0.1846,83657,774
5fda699cea327db244060d59c5307e7a44e632f9ea650eafcaa42eebb51fad3e,0.8068,0.2518,4003.28,0,0.1424,75,0.1593,74491,690
b507e2bce2559ff648f3a443601f4402edd21b961f0a6bdf532b115b0d668fc1,0.966,0.0732,8619.66,0,0.0,123,-0.5792,81786,825
f6cffa2176405d23e90c559043c589583af8d008028f26bee74f5c23c1edcd63,0.8734,0.2881,4940.6,0,0.0,96,0.3195,49391,747
3f817b19f31596eb3e0e894d6d2e99b6034a19a25dbd84c73037b93ce31aa441,0.8926,0.3744,9329.39,0,0.1483,105,0.2267,85183,680
e9c8d4cf6edadb6c263ca61062b19dd51e3f57adf12e021bf6cccee639b7e3a1,0.8368,0.2791,387.65,1,0.0156,122,-0.0698,49347,634
99fc1d63bf3979f2765c5ad2ba25f00d5038cb19807d6c7efcd05ad35e71d2fd,0.7154,0.6462,-6712.18,1,0.3838,29,1.7138,27745,462
6f47d1b0bcbd2162861e062422178b59f518bc675f829bf0886c5bfe16b55564,0.7692,0.3418,2352.23,1,0.2154,92,1.0062,32585,603
6aa8eaada47bd32caceaacad7052645a04de38176195921167214dd460e618d8,0.9516,0.1309,10046.25,0,0.1171,132,-1.0213,73981,745
cf0df07afeb8f700f7e36166c3d8acebd60e78954257b60ec7cd1f16d492ab5e,0.9795,0.1305,10456.06,0,0.0,172,-0.4929,102360,799
0510a2ef3066959948bc1d49e995fe59fbd3d030d82df1d6a2fc5cb7b9bb5c2c,0.5978,0.7701,-3869.91,4,0.5298,40,2.2403,31316,383
4901c279b3b154c5a61d2c2a7d14ea9645268c08ecc891574fb2b57e5c3190a9,0.9325,0.2363,3398.05,1,0.0,99,0.5557,75600,714
b45ec407351fb6bc4c668e4655ffc9afdb58a39c9d0ad6e3f8fa56ac8c679f09,0.8417,0.2603,6129.57,0,0.1671,112,0.1547,59736,780
77ba76c2fd623f594d09552e00044ac2a6453275e0005a90f8dbc7f44e247cae,0.9909,0.2512,7250.91,0,0.0,113,0.1233,82565,796
1274a67e95b9584e05ee30dfb9bea56251bc3ecf7495069dcc4dc31b14c956b6,0.7254,0.48,6352.58,1,0.2895,29,0.6701,61376,570
0a8d9491445b8b9acec4bf82f7af352deea51c5dd948291d5dd879b2c7f00d02,0.9798,0.1441,6182.51,1,0.3349,104,-0.4055,84046,780
a10c536622f98281ca8e4710a256fac77f427515b587f47eb0278b28247c730b,0.9388,0.4802,6067.32,0,0.2441,96,0.129,92216,724
15862dad0f7b86699d75da9f269963d28a1bcef199350505e782afec45a84564,0.9378,0.1146,15263.96,0,0.0737,82,0.6812,102944,771
fe436b203563d8580328a0d03b361c277c13337a487562e39fcfb12d98e8cde6,0.5826,0.6609,-2713.62,6,0.8051,33,2.0075,31526,473
7e2e8a77400822edbb4e06cba1aa745ce0cb8b121fc5edb3fc74046432312b4e,0.9816,0.1889,10357.83,0,0.0,80,-0.3756,65226,820
2587addf16348a53a9316af64d9af83f71327eaa203f3379a56b550b0542dd35,0.7595,0.4455,4993.55,3,0.3943,69,1.6611,51608,627
0163a0aa1a47ee220ad7c18ef2f99bf07e475091c828f827e7d3c33b751e614b,0.7772,0.5144,2989.81,4,0.2149,63,1.1974,49444,539
564753c8a8c0fae4254dd59e32e828dda2b41773b602e71197349026e96b3f6e,0.5466,0.7255,-2850.99,0,0.5244,24,3.3613,15182,382
72453158102ec66eac42ed9a1549fb23d9dcef7429e9cbc9d3e03b39cef49216,0.7645,0.3825,4125.44,0,0.1235,72,0.5356,49748,662
1027f763fbf3d8e9362796e5353c5444984731b905431e8ac5b39b74b5b933a6,0.735,0.3496,3039.34,4,0.3162,72,0.4465,62317,597
83d0a19b1b6106638e151962ca7730f27a118d5850acc9aa15d3db29dbc4c27d,0.7602,0.5229,2896.77,0,0.2206,73,0.4919,107786,707
0bcc4ef22cd462cd0c32105647d28732d5a14350d3f3bc5d09bf2999920411ea,0.7876,0.4187,3769.7,1,0.2575,74,0.8168,54240,578
d41bfb37bbe527a56cea1fceeb2ad8cdccccf86f680cbfbf48c62508aae89dd8,0.9123,0.2132,14684.29,0,0.1653,121,-0.6235,92482,846
f99e2f9a834fb0e794c9babb8f762fa349491d6127b1e538120485c8393acd2a,0.7845,0.4518,5519.59,3,0.2678,49,2.4235,37053,593
e7a6be83ac9f448cc60f925ec8017909ea78df84dee2396149d9a0c3afabdd56,0.5006,0.6803,-2132.17,3,0.5544,33,2.2681,49083,386
84ac1ecc42a301f134e9a851a8bb8710ab620cc9b708c92a8b962a646c5b5c65,0.9369,0.1609,10482.28,0,0.1655,120,0.1492,102000,795
2446be79167f826badf388c5df4e346d858bd8382abaecf7f4a56f7853694978,1.0,0.0514,5777.58,0,0.0,115,-0.408,103473,776
dc17b2a91f19db559d9dd098fb18ba1cdc020e6a74d7468d6eee5371179efe61,0.8383,0.1629,7596.26,1,0.0,167,-0.4644,111745,796
d1250ca900a79d377ef1bfd59ec14747c85b58923530f7c2dccea9c267214672,0.9698,0.251,8909.37,1,0.1628,97,0.7996,72607,704
83cdf06e3783eae0af69826aca5073f81770ce9678140de7c0032c8eafadfc42,0.9344,0.2558,13130.34,0,0.1163,115,-1.0717,88364,801
4c75dfbee37c618f13e24050f6dd77caab877b25482651f6c7106548ea643510,0.9842,0.0363,7000.62,0,0.1696,118,-0.9341,121985,855
d205b1f7edcd11ced3256517b35ff0cd1bc29ba26d689bdac57f7580833ed2b8,0.8757,0.2678,3963.34,0,0.1618,75,0.2935,85032,712
3b7e0842e59725505af21458f8926a6d7b6479b2dfc1518a995ca64ab00e7923,0.8952,0.2256,12311.97,1,0.1376,111,1.022,44140,675
9a5d6176387cef3ec58038d6cfa1be81e93486e0aeaa86c52dab02e3c16a7b3d,0.518,0.9094,-4582.37,1,0.5076,1,2.287,27509,322
f7cd83ca42eaf01bf904ee0e758ab92278bba533bac6def0ede64f14446ff9fd,0.6632,0.5717,3871.49,3,0.4969,27,2.0278,29415,471
503f18a180333c6b79cfee8b3a8054b3efd1ac46c1196a14e718f97d5f17fd27,0.8173,0.437,4362.15,2,0.2206,71,0.7655,80094,651
25afa380de861d0a7d54125524f25d302135c112b997676f096a58c686e1b5e0,0.9922,0.3118,7864.12,0,0.0876,89,0.723,90792,733
67542182cf36acc1a0137e419b8d9c0a0419eca4d37890ab76f2276c05502587,0.8698,0.3072,4393.54,2,0.1782,59,-0.3544,48878,741
a8a254ed71488fa3e739c06a930f2fb477d8df68001f34324aafa047db83f697,0.815,0.3863,4331.64,1,0.395,54,1.5672,58720,591
8699943f15cc75bb78fc52b5dbdbdd4f221ff17bc14d1fbbcca7eb5e61aa1817,0.8091,0.3213,6993.59,1,0.2268,92,0.8165,65400,595
e675b6234f3a9fee9cb55f5583af4374f0be4bb56620898ae46b4abb4e5e93e2,0.8366,0.2711,4702.22,1,0.0105,118,0.401,93757,755
1e153e1a100677dd3fa3f5905ac7ac3e185be99921d3e01a8ccbbe9ec4102a22,0.6938,0.6106,-4159.64,4,0.5673,58,1.7108,38754,406
90796c2ced859db34775eae13376424eabb40fffc8d5c0e29042582e1637d3e4,0.7594,0.428,6389.12,3,0.0,96,0.7834,88540,628
32d1cd51208937bdd6be0ba6f6baa62897d35ab2818abf06c284090ec82f09c9,0.642,0.715,-3371.07,7,0.4589,38,2.0452,36968,454
08a1e44576a02dcc5b166c5dfc0751285105b8d70e25324aff840189b0650747,0.9935,0.1411,8284.75,0,0.0,167,-0.9542,99089,871
59142458b93ef627b86e18d3b52a4a416cd7f5f9bf2e56dd1b66f9610d205f8d,0.8722,0.3909,7603.2,2,0.3373,86,-0.0551,88283,670
fb238493875009ffc1eedfd8797bdcab886ab0aa4e48de3f29828d70785e6ba5,0.9368,0.0656,12447.15,0,0.0,126,-0.6176,129037,841
90e4fa0f615a8f65c86fec431b75f3d80d0f2b2663bdde9c4569b8dc11c352bf,0.7226,0.4541,-609.71,4,0.3144,57,1.4171,64335,565
cb1b4792e638f617203fd69feb36ee2ef798a91350f9db254b5a941fed70ffb9,0.7545,0.4832,3652.02,2,0.2745,106,0.5186,65839,618
adc4dbcb6f7c96f35964874fc265def1023acd652df9281f3ebaff5f0a7faec6,0.9593,0.2171,2786.51,0,0.084,103,0.0526,87351,742
b7c01bac01b371f02f360fcea1b25df67f7570c8e298efccbb241860ce7f065f,0.554,0.5351,-6725.6,3,0.5213,6,1.3649,28965,399
980f0cf4156b1d56d066106621f46aabf18b8850e914fd70c3d94c060a436f6a,0.8454,0.4339,4330.19,1,0.2514,95,0.5231,68052,663
5e829c023b2c3998d921e9ad20dd1ae209a6f8e533c05d486547f8ea5d11f9a0,0.7923,0.1564,7109.56,1,0.0772,91,0.6087,116559,727
7eaa02ddc7f7d84566cee42b6e48ad09662c6d67565727c845db1504c137f9ef,0.8718,0.3108,3383.14,0,0.1057,112,0.5958,68944,705
c06f318f83dcdfe247847be10c03de6cedd3c2ce85bea4e3024cfc1e3a7b70ec,1.0,0.2316,7419.57,0,0.0,136,-0.457,115016,826
60199966a6843d582f595c24b0c117618529fa97e27516f90819f636ba99b503,0.7898,0.4113,163.35,2,0.1503,75,0.9501,62690,607
1dbb6b7cb88717aae6c782bac7b35517d02fddd205e7be6a47a1bf0544d035c4,0.7301,0.6248,1826.38,2,0.3876,67,0.9936,26920,487
123275ef9424c71c203672010abecc4a1c2368734594bff74023d238212a386a,0.573,0.6845,-8164.18,4,0.5211,4,2.7645,31781,461
0129225a7e1ee84622d7ea17b674c5893041a8327140c5785d5a360230b94f3d,0.6953,0.657,-2249.03,1,0.2258,61,2.3767,42655,553
1cad7c85b13b8148d6e360f676eb21ffdcaf43b57b0bb6ec1cb105bcd136352b,0.8689,0.2813,-1293.7,3,0.3042,77,0.7234,78237,619
f3b0a53163dab51679824fb1121dffafeb650e728a7b235936bb926f34a5dde6,0.4942,0.648,-500.36,3,0.5467,95,3.1468,38663,450
1db9ff15f356900ae595058d4eaadff2cb2ee54caf2b9f618adeaefc7767b89b,0.5911,0.7676,-8559.62,4,0.6235,29,1.7902,14528,406
bfa3a3eaf1801a7752ffe4dc54ddf53a9cd2d588c3b30d1d2669c372ffaea4d6,0.9399,0.1456,8791.98,2,0.0821,109,-0.8649,115114,812
651e894917bbc3bab5f50922c1febcd61689f7c93321dc4ac712e1889ee3ec7a,0.9242,0.2345,14012.23,0,0.1,97,-0.6735,111518,787
5b0656c401ac8344cf5d25aadb77f9a2995ff674b3b209414ae0bb28d66833f7,0.7033,0.5044,5614.59,2,0.5947,82,1.2714,73627,495
8137892d0a724ee0617a99c9df68c7b308f76f80bf7867cefcde051a0b00c5fd,0.9076,0.4809,-31.79,1,0.1544,88,1.5788,78946,711
71350d32bc3418a5d9b2eb5afd04ee7cb40059ab79af5351b57140a7662ce344,0.7297,0.7209,1227.89,2,0.2821,38,1.2929,47904,481
fd2411840e8013a981cf428bba0c19eab8c6566f074f51ff2c84244ae01dc96c,0.7541,0.4573,-140.08,1,0.1335,81,0.5048,72296,603
3674d87030459e61473a445b8295432f96faeb6709916c959f0e267dd4f92a45,0.8104,0.4709,-580.79,0,0.4556,88,0.451,53997,606
2fae0e5415aadfafc51d713120b2a5df58ff7a91a20ecaf2299f6f7b2b96fd60,0.897,0.4004,5266.27,1,0.3526,109,0.9487,78519,699
6b59054cc74264cde90b672da83127195819ee742ddcbb13ca6d3f61eb7d598c,0.8547,0.2023,9456.91,0,0.0767,98,0.8442,74815,716
a14acb4e0600f5d60e1b12454d10cfa69745c0448f3cc6420b1a39737c9f9f48,0.9565,0.0074,11534.42,0,0.0,133,-0.6898,76673,889
e932ec01aae36b41e195ba192769690176c6d66389c7bad8ae8c9e5ca7b6eda0,0.7735,0.4731,2013.38,1,0.2012,89,-0.2697,70758,607
bdb621d7e3b7dd82504091503b07bdc4180427aeaa7d55a6bc972aa0244e8571,0.9609,0.2353,9684.66,1,0.2196,119,-0.5782,80423,795
188f5b92610dc045aa596ebbb789516c62e64bfe1f4b4ac301c0bf81ccb27b1e,0.568,0.6837,-9627.91,4,0.3871,37,2.94,27578,344
34329184bd0c3a8abca602f692f063d1cb9be3e484c7b328e6275226f20860ee,0.7602,0.3634,2115.96,0,0.0283,108,0.9694,75455,704
db8fff779bf8909b11f463375b9f27a5bab1c6e542407cc0ca5044ae60eb4d76,0.6761,0.2447,337.88,1,0.5044,75,0.9708,80738,549
c69b55f9f14655c87854dfac2468e0ef923dcb0208c2b3932a36e5bce8d8552e,0.8398,0.3672,4181.56,6,0.2734,67,1.6451,54983,721
73569ee02257c98f7ac469408c6748d2e9481a9afce290522db10c43b41ee953,0.8766,0.1743,6508.27,0,0.1608,106,1.0558,79574,742
84649f1a3172bed404b49c6c44459f3fa57e9c910a6625cb6da4d30bd3829b82,0.8865,0.3555,5673.87,0,0.1356,115,0.2624,67714,758
7b1f13fb5c3b3fed53553ae2a600e550b6be94debacf82a2779041597e574ffa,0.7804,0.5738,1028.6,2,0.3845,28,1.1807,42495,600
08761df58e58259ecd2131ca64c0f3e9e087aedaff47f816fca9c3eede9669f5,0.5098,0.7408,-2675.32,3,0.3583,1,1.7575,23121,412
ae26a1c7bdf404fb193bc2d1bc381c65107a5f823c30fa53d4c0e692fab80027,0.6958,0.5543,2563.16,4,0.2782,77,1.1691,48747,537
d35c7531fa199038203853ce68fd4a0ba2dd1b0854ac09f46062cb35c2df5b75,0.7615,0.3021,3550.4,0,0.2864,107,0.1364,72000,594
8550e340d95da9228b79bc060e2681e9719129b209e8ec777d27ba148faf9ad7,0.9839,0.1964,8092.85,0,0.0,98,-1.0344,99184,838
a5b9ce73c7bce9c9234490c328d01afa39f742a03539e714bc491401a4310899,0.778,0.5479,2686.35,1,0.3105,65,0.3424,38713,553
5b5dc1f75a0dceb5c5e183c26c79d53353ce3b3024af5ef80dc82df7a01c81e6,0.8372,0.3345,9587.58,1,0.0792,100,0.6203,103994,729
972c4e8945d020fb39f3921140928ee79f6c2e28169e562836adeaa8084c8880,0.9712,0.3497,6611.85,0,0.0385,113,-0.9367,104992,808
be3ffcf4ec27771dfc75ef39893c381d34599683325798c42d579890e1bd1bf3,0.8821,0.2019,4736.97,2,0.1483,97,1.4919,59363,653
19fafc031fa32639e4c40932205b93a1ebfaf03ef78d14bce20a743f37b373e5,0.8922,0.2068,10531.63,0,0.0186,82,-0.2744,102606,741
1ecbcde684fae72a50d14655ba7fec0d8febd2e39f2994b63b58b4b81a42ab4f,0.8564,0.2321,2589.58,1,0.0,77,1.1891,83026,716
8268bcbf83dbbdd42bf5c599ecc4c1f574fa56773293cb19d3db353bed1bb14f,0.662,0.6163,4646.53,4,0.4452,39,1.471,40226,471
74fe7da75dd2042b7180fc82186363350d819cd55f342fe39dc817105a9f0a20,0.8385,0.3513,621.42,1,0.1844,86,-0.2109,76778,656
213401a03d917a2b3380ae71c3f598dda9085ae7f866e17059295e3a7057680c,0.6721,0.5811,-1747.64,2,0.2909,23,2.2842,42485,538
868243299ab86e13320a696e4fc895c0a3fc4963fb2282c8d5c30ebd46e84f4c,0.5965,0.7865,-5798.88,6,0.5242,44,2.7906,39118,412
98bf87ce08935c045294b94f28097a8af3bd1e9911e0578839f7317aba0da55e,0.903,0.0789,15127.17,0,0.028,112,-0.6657,95147,791
7b5772698308386e391f88861595fae3817083e869dfb3ca0e644e4aa011a222,0.9198,0.1984,4597.38,4,0.1096,92,0.1127,74178,714
027b4bcd354734edf1400aa6eb27f8c39d31e5d0ca690c275b89e24941b17ef1,0.7159,0.4974,-1774.35,1,0.1952,55,1.1015,14829,521
8708a67fe77bd4bca7a4927ab5d42698112f3e43de0f3887e6e041c380fe5e2f,0.8918,0.2357,5361.8,1,0.2093,101,0.1449,89102,701
6cb7f6fdf605ef958a20a6560332665b43a5d54acf959fd5fd0212ceadfbc3fd,0.5897,0.4716,217.94,3,0.2794,68,1.5677,40694,527
f11207ee8967169b7fe6af643e692363ff033ae0843222b26918d42f182a2893,0.9014,0.2262,6227.32,0,0.1178,91,-0.1182,96803,764
ac1f7d31853e58d4c516239fa80ac3eddae46530e9fa1efd020ede4b32a77bb2,0.5703,0.702,-3582.34,2,0.4465,1,1.2273,36912,356
f3eee2004da9c59a4615078ff150998121b0b3da82206c86e58cdbddd552b533,0.8846,0.1186,-2333.54,0,0.031,111,-0.4413,85473,845
4b25658dbcdb2da8cf53d0c0c9afaa068799a699676801fd452fc7d5580d349c,0.6336,0.6576,-279.7,3,0.5333,49,1.942,59605,545
ee08c5dc3a686e1b81623adb72b84098c84836dfb86f9f94288891792f019df7,0.6297,0.515,1057.82,0,0.413,35,1.1947,55096,526
ba9eeeaae5c23db9f86636ccef6df869c4920870597634772acf433f5661b3de,0.9263,0.3308,9992.62,0,0.2379,79,-0.0391,85798,712
0f725a6485480540d3ee320bcdca5239bcea4592755e5dcb288f38b3ad6c8ccc,0.9724,0.1346,12851.74,0,0.0761,127,-0.7503,92192,820
177b5085ba8b2e321ee4dde7681a89fc0d080fbcc4f1f421188a923bb02b5610,0.6648,0.4522,1848.55,4,0.3431,56,0.7126,84782,554
10129046c409b2dd870f75494b273c89f5ea525474f9d62acb410aa9e014065a,0.7385,0.4456,4077.35,4,0.1567,35,1.8787,44653,611
98af8cbf51a9290f8cbca790cda90064230d2396bec4a8f68babb8375c705486,0.8116,0.3593,1126.88,0,0.191,106,0.0438,65461,650
c0023b0c3c13e91ab27cc7a6c3c938d62f2211ca8723c7acf97d6e50b064a9ea,0.7152,0.5919,2983.34,4,0.3503,44,1.7241,31740,588
f48006cfde17c362562d962fa01f74b6b4a72c1719d57ec708b14629ce8221b0,0.694,0.4681,-309.76,2,0.4661,86,1.242,65075,538
6c5fc82ff657fd1982d7d8af2833a3a75283446943e3bf9c3ed885d454d4c7c8,0.5395,0.7301,-6167.77,4,0.4539,31,2.1451,23994,426
d719a6dd4e7d6a7f645f1da8018ea1a9d8c3a80e70c8eb11b213de7beabde287,0.7986,0.263,4558.13,5,0.2219,98,0.1108,66895,725
ed8d9656781e1b254bb5aaa68ae1c21e205d0a90476687929196615580b067e0,0.9001,0.263,12010.86,0,0.1102,110,-0.2378,80562,767
731ba51a765f0f5349c5c32e7f802769e1d2c2959d4f7cc3261e4db2e6a21da8,0.7482,0.4074,2961.84,1,0.419,18,1.0134,60507,605
f30ad14f92ad82eb4852cfa009807c458255d8b02292035e7bdae15734ef4728,0.7611,0.513,7100.24,1,0.2822,50,0.7175,41829,636
b84b63ee04baccb9a2cfe52717f341e8159ffe5ad7e305c57a03c546925a208d,0.824,0.338,2758.71,2,0.2826,89,0.6647,39710,666
ce0f272405a8e55cf7897e4d32534eede9768bc844a81cc5c2b7e555ba24f208,0.4922,0.9029,-1454.52,6,0.4134,22,2.6483,29009,325
52c9e32c179ccf78d3b2529d455cacb9745eda6a7653803d8d10d8f943f96768,0.8013,0.2613,2608.88,1,0.056,52,1.6733,39311,625
99f0f35cc7c58ea47e65b00f00cb8efd9a315dbdffc59fec7529ef5e17e364cc,0.9882,0.174,6558.94,0,0.0,97,0.4625,90854,730
a7349e3f755b15d34263d7eb617de8dd1b6298171d2975917dac95d8b9eee7ee,0.876,0.1703,8086.23,2,0.1812,89,-0.9434,109704,776
90998495b502ce9c735a593713405977b41cfd394891317196cc389b78afe471,0.8605,0.1455,8635.53,0,0.2013,109,0.7513,79675,770
dcedc28701b67479cef95ea60239579da9e2e1449d5c05746bf725af8dc3e13f,0.8967,0.3646,2711.74,1,0.4113,67,1.0062,76609,573
ab4aa9b68a081366561e98452d99470aeb270de5534fd4ac05304f1db903626c,0.9825,0.2037,6625.67,1,0.0,137,0.7373,93466,768
4497cd41b8c1820fc349439bbdbdb37e04e65c91c6689e254b8dd88d703f7169,0.6455,0.4994,4075.78,3,0.2863,84,1.9485,78307,493
72c7e6739376ad954f6c34444f1f6a2613d149f1d767e4df33e9d619d7eb8d89,0.6258,0.6444,2706.27,1,0.4874,41,1.7451,26550,519
035625fe0ab52fa13bcb9c19bfa75ce2badac0656c36796f6598cb767aa52e67,0.7251,0.3902,1365.83,1,0.4197,94,1.2375,27818,636
2caca6641660e32a16cc5afbd53b954ff0e09c4c72e2da6b297831395497f4bd,0.9951,0.1227,2984.32,0,0.2298,112,-0.495,90748,803
f3ee35c245e25fbd1ba3226f67b375e2ebf0d49d7796072fc7e7ea33c960ea64,0.8975,0.3607,8740.37,0,0.1897,166,0.0529,110912,766
fd5fe29d347d42a6a2358840f49599537d577d01043742d8c007818646f906fd,0.9468,0.0849,8069.22,0,0.0706,100,0.0254,103025,775
61e945123302fdc43e3168662af44556f2a2fb849b36118a90a86f76187f5f47,0.8304,0.3444,2103.93,0,0.4336,61,1.5571,52255,576
1a321694113c58f782d793b17e7f0a5680bee76d4a85c7be93be3c27c1120c90,0.7816,0.5091,4266.19,1,0.2705,90,1.4281,65454,655
2559e2077a1e6897878dfea7d430cc8dcb5d8a4d1af63a348d55a738d9189d4d,0.7196,0.5435,-1241.85,2,0.3558,68,1.512,61912,540
9603392fbd4ac5e6961240568e1ec5e0ebec2fd5bd8b4c19d2c7cbf51806b7a9,0.9738,0.3303,7753.65,0,0.0447,130,1.0297,91036,779
c677c83087cdac0dfa4b1b11b22d3f2a6374f159ab589aaeb8587086fd9cd3b8,0.5592,0.6439,-2856.37,5,0.4044,45,1.8287,72430,394
f884a9a7f8e1a83500587064eec4ae4ba4227b111e47769cb1bd0cb869f82a35,0.9882,0.2271,13136.85,0,0.0334,80,-1.0491,85452,792
b7c12e558b5baa5da13215eb8032e3abc340adf20b415b84c0792a0a77719e1a,0.8017,0.5489,2326.98,0,0.1988,101,0.3453,73633,581
5f8e9855c71c57420652aaea555a1c16c84a6c90e11129b8c96004707e903e68,0.7848,0.369,-364.72,2,0.3688,74,1.5685,75921,689
c72c0029f5e34ac33ef02a3506f23b43d89f2130ab1771c55c8d8eabf7350998,0.7787,0.4764,-2927.69,2,0.428,82,1.3297,39688,533
7fa46920f082a2a752b15c3287387f74fcc02d3fca550e5fec2c3d60358a1206,1.0,0.1864,9836.17,0,0.1662,86,-0.3042,90531,794
e1a3b7a2ec54846859260cdcaeeb5cca1b5258e739d2a3491f2b4e30db915a42,0.8617,0.3545,2143.46,1,0.0158,101,0.1224,91440,699
62c6bbfd7159de13c93c17c9c730e7e00244fbe6f8a4b6e1fe02563825b39af9,0.9779,0.0356,4273.9,0,0.2317,112,-0.5185,96629,823
b09c19955e4942d171a15c3e4157b167ecbea3a422bb27e7a9c4e28f185ec4cc,0.953,0.0852,10290.25,1,0.0,130,-0.5703,96450,757
d8aa77a6b7f7f294a7893af24fbd80c12f2c63f6692d829fc72fc72c517541b0,0.8294,0.0483,8813.64,0,0.0098,112,0.3835,58181,754
f7789a3f9838dd7e2cbc6d9ef31d8b3261bcef136c789ba14d74d58e1bb4394a,0.9211,0.2518,6664.32,0,0.0272,121,-0.1024,97939,811
bc71574196a280eb448fa1566b6b8754f4e46f873cf9035eecac62544cc99328,0.979,0.124,9917.82,0,0.1693,103,-0.0899,99172,822
d0d2a62644ccd7565a09bb7cc19fe0442d1b65037183cb0fa8879aa1d49b1777,0.8881,0.2146,7831.46,1,0.1319,108,0.2163,84465,734
f2163d91b172708c84e71350a3213aca615d4336391a2bc87885219e5e3e1e8e,0.8311,0.2248,6232.77,2,0.1986,83,0.402,75682,648
0e6fa56147d50a157d3f120292963701f96774afcaee1846b7a77e99566f341e,0.8326,0.248,6761.05,1,0.1229,101,-0.2187,66911,631
498c6cefbf68be08d50c0d2e2cafaaf67c34e19a0da2d3cc1676122d9a42967b,0.9041,0.2502,-1856.0,1,0.024,119,-0.4652,69582,711
baa70c872199ea23d87c2b37c9be240af46e15ce33c029a76e2926139cddb414,0.9775,0.1242,7607.37,3,0.1801,121,1.3476,87459,803
135b267ef5afda522491f7104cd9e6fe5d9e64f30bcf355f8cca24a7476081b2,0.5628,0.7331,-1811.73,2,0.6145,1,2.9122,21754,377
1a8231a136771571b2cd1ae8c9ccf79291d1a63560e193d5f40111d856e3b80c,0.6004,0.6104,-1167.27,2,0.5327,54,2.1573,79716,576
4c9953e1db1a4f05ac26d3708415d33d2a95c964a395bdc51d005e127c58c6b6,0.8503,0.6165,2931.28,1,0.3268,126,0.5982,75398,634
842b4febd515c0558d017de2c7aa570ead3a597d338edd21aff8dce7f435e52f,0.7221,0.4776,4127.0,3,0.0608,99,1.1298,42139,525
5a42f92d1e2d69ee69be704059d2f21b8aa71dd21b358538ec7f999108278e30,0.8518,0.391,5918.34,1,0.0485,37,-0.0428,107480,652
2d00cde505c2b4985409b22f77450933b282eb832e628be60e177fabb6069b12,0.7139,0.4102,6454.13,0,0.3693,68,0.4579,50469,551
4b0c5112213d3f4418b70a12d6b3560a00e164feff7e0f1c2747f8df9c8c558b,0.8197,0.1843,8703.36,0,0.1501,113,0.1411,75494,741
f5b0f89209f2d896aa5085ffbf99cf25f96fd208ad39f01401598ae7e198b862,1.0,0.1571,7815.74,0,0.0173,113,0.5288,103708,815
9ae50b50a9ef8eb1a77bd26bff83c68a94ea65a9d1222594d67e2a4d6b4cd5b2,0.9848,0.0905,6870.76,1,0.0,102,0.4274,56929,814
a12e5d92de9765e75ece9804b1fe8880ba69e1feb4f8efd5f5f86d1547c3417e,0.766,0.4599,-6238.89,1,0.4023,65,0.5526,55442,594
27458c1f0f580b69504d2ef7cfebb116ff85be589c34fc0c962175a82e6ba8b6,0.7361,0.3994,1265.84,1,0.3558,81,0.8935,50041,585
9e5cf0eda43473909862fec5209fd2c5f94fd9d2d2c8b09f011b864f91944fd1,0.6527,0.4732,-5407.98,2,0.504,18,2.1442,42552,434
a5a30ca1c3898cdc79ba884c17dce4c184d1ffcda8e9dd7672840b9a5ac6e1a3,0.7872,0.542,4169.14,1,0.1964,103,0.5134,70913,644
576e2d546d779762ba9ef23eceafbb8e29f9d2b5ea9919e037676837dc42bb41,0.8834,0.207,7244.52,2,0.1462,105,0.1826,81699,736
c1db008cf3a69cd402cac346dd2a6f5f4e6439fbe6d8592f1e9272523661f3da,0.9905,0.006,11293.99,0,0.0,106,-0.1404,93912,816
53581b97a5242b890bfce96663740eff4209eda47d019bf9679fbdad05af4738,0.7117,0.5446,6201.81,3,0.3065,90,1.2931,73373,632
70c576e5f804e2c9b4ad4340dde4a66e2b2c69cfa87f70521f660f7cd4253103,0.7943,0.3474,3370.67,2,0.0092,48,0.9372,69586,627
9bdf2b103121a9b0dd0cb8b6c7b6da988f91ed3d8da57e318c02d7719a83116d,0.6748,0.6568,6779.56,2,0.2457,40,1.1855,46959,554
163d555e27fc62bf0eec092c57c1181f1486e3c0a829650810de9a52f36d2baa,0.9405,0.1668,8008.69,0,0.0753,99,-0.2378,87878,712
8fb3b24fa68ccb5e82daa9c42dc12839c9af5678d32e638fec9b03862450b39e,0.8727,0.1916,3178.25,0,0.3532,151,-0.4886,112119,834
80a5aecf167d2cfe08e885b21533fb4ad9c566b35686f280a8c48c867757606a,0.9395,0.2621,5432.32,1,0.0,95,-0.7044,87222,742
d73e46ba8e6216498f7cdc00ee52e873d521281ddd5d19acaa25a9d98b5772a2,0.8958,0.2299,7114.75,0,0.0,74,-0.204,82859,812
aa6ba8d4f73242fb7a979cbf02be1844e9eb55e5d3886be63fb534cca451ab66,0.8505,0.3307,8150.31,1,0.1667,91,0.6333,52025,755
67c2746656a02d1548a035e695e1abd46efd9a0041af48bde07c42fbd5a0c7f3,0.7333,0.4291,-48.46,0,0.4652,83,0.2512,40055,594
4f8338001e4157da3b8115799c279ec045f4de6d5054521b4941d81e0fe68ab2,0.54,0.7112,-3085.03,8,0.5079,50,2.0747,27975,468
d6353e401870416f2265116a3ee8e6ee352dd1cdf5fcc5db90b3da8eebddd5ef,0.972,0.27,7152.63,0,0.1648,158,0.3652,85765,797
4ca900399f68a077ccd7b3132b563d989bdbbd29d1a7d0a7edf44dbe20c6e406,0.9076,0.1776,7336.32,0,0.019,149,-1.1545,84629,784
aeb6b650bee4c22e229d76a7331038a7454508a3a8c046d08c3510eedb9d10dc,0.6241,0.5659,2205.14,3,0.3581,53,1.4105,50711,487
a41b968479b636483fd626b327b69082ecc0309d7e704eeac1e9a904a8b3c432,1.0,0.0021,11544.53,0,0.0234,111,0.399,89448,838
cd440b1f81a8543ca520c50e7b4b1f358a7481986a44323516ea7ec5df18a52c,0.5067,0.7987,-444.38,3,0.4919,52,2.5648,11914,381
acd7ece98188c0ffb7c7558d7d861cdde6e4b4d20ba6cf0c289a68d53b000a08,0.5313,0.7463,-4770.87,2,0.6235,14,1.3203,35708,432
6de86d8dfb092a7eb0c1448825a7d0e8e5d389f4e8c8f92efa23b978e7f19aae,0.6757,0.4501,5397.15,1,0.1678,53,1.4713,76751,597
b61160156c37320c30b36692c2d1c38f556050abdd0e72d78d510a764d20ea39,0.9957,0.2666,4528.13,0,0.1442,112,-0.5979,76033,801
98d0577713680954366d02345044a9673a40d0138fdccd9f1d11e05465c37d8f,0.8768,0.2175,869.55,1,0.2025,67,0.8387,77174,702
8d0e003ca9446a8d98b1be869871e7c3806f08e3e4a3b49ec32bddf6ebc95900,0.7919,0.5746,-992.19,1,0.2726,63,0.6251,32220,543
7e48aa0999f86f591c276ff91364697ee7230405ca37ed3873f69c1191e963c8,0.9937,0.1447,9030.91,1,0.0,119,-0.3272,72566,798
e539980cfa968906d4a8935d8452d6cd13143a037dcb9a84d970646400e909fb,0.8842,0.2927,10022.86,2,0.0454,117,-0.0519,72052,739
4a770bc3fb9307dca719c94c6f88c99f2163b2eb87b68c265ddfce868cca88bd,0.8882,0.1883,5624.65,1,0.2226,103,0.0154,103322,797
9b6ebeed8ebd3545a816ba7247d2b07e70e272d75800b3457c10a5d5a4251897,0.8248,0.1548,4536.89,2,0.1405,74,0.023,66809,721
904d1fca053bf8eae6cb3cc4ef0ea888e28d0260c275cde423114a66d1026f6f,0.8566,0.3798,3115.97,3,0.2773,50,0.6354,54499,685
083a3d5f1b1ffc298760194999b417e10bab1e135b6840fbb09379cc708e7f9a,0.5851,0.7611,-1874.45,3,0.4558,27,1.6308,28045,422
bbdcc9a937593f71e2b51dfc3607b1d7212e3a9c065e973a5db238ae29269601,0.6878,0.5426,242.52,2,0.3301,66,1.4102,56158,557
11d64c70a8a6de45816b0aaa4600118d0ff2ea847206c70e2cadd9b038c99fb0,0.6835,0.53,-1154.3,4,0.2449,44,1.4985,37268,527
59ce34ec70efc5e65c18e84ec97b914fc1abc78b6108975fcf48540e0b8a850e,0.5372,0.5515,-7469.12,3,0.5473,15,1.3783,58150,414
10a8dbe7e6975fd415075042878b298384f54492c58e4324fbdf1167a60e07b4,0.8131,0.1594,4369.7,3,0.1937,108,0.7795,75138,706
072dc6c83438e7d2f5d5321ca823090c7a2d707d954420906400dc2c2b0a17ef,0.9819,0.3019,12723.31,1,0.0644,153,-0.4263,97388,868
4b66fb20960742ccbca84e7d8ea53e03f620fcddc097d58419e214b6c7377fe6,0.8899,0.1376,7594.32,0,0.0168,94,0.1166,79688,727
9e890ec4a6648059f3990362743540fd66949e8f819baf5e9d986ed8901135d3,0.9326,0.2418,7187.62,1,0.0,129,0.0008,103437,839
3f7d97e50172fb9a07948baa5e12550e50a167de7f256601bb68ffcb82c5505c,0.8902,0.0755,12632.01,0,0.0968,142,-0.1206,112783,836
b06dfe5cf9d1dea52eab06c371820fd0df34716b5c9f2a01d971047c87c9e58e,0.8844,0.1378,7120.73,0,0.0238,107,0.3073,118962,803
5ff3c327d84992993ffeba230c68285440cb894060179883d2cb4db10881ec88,0.6892,0.5592,5492.34,3,0.322,61,1.1069,41805,541
788a9203683982ea0b65da3a6c1467ee2cdbb43fc172fadea614221eadc9440d,0.872,0.2076,10499.82,0,0.3388,101,0.7594,96719,724
fc33def2631235d91af9159731d4f1861d5730da6742b6d3099fc6ddc78bca78,0.8922,0.3171,8246.22,1,0.0,90,-0.0542,97995,810
d85d7c19a6b79539caf6f039aab23e52baf09594ef7f6b2cb54ab103e7ddc48d,0.9032,0.2871,1624.82,1,0.2632,104,0.5297,93927,705
99614582741cae1f40b86434384ed9d76ba4cb4b4208ad3c609ab12c98d7ab8a,0.9372,0.2202,15081.93,1,0.0,118,0.0591,89093,758
25b74d879c5302afa4d3a69823d97c545b8d91f65952b04c09da85d654aba211,0.7675,0.4445,3321.04,4,0.3791,80,1.6885,55376,623
2a8039e1f3c10bfb5b7a88c8e621afa2824c076a6f24788b9e79ea445cba86b0,0.7097,0.5463,593.86,1,0.4082,40,1.5476,69051,580
5b1a51c831d045dc5236b3859be146e721fe126d49e8339ab44398d68e8d86a5,0.7209,0.5619,5676.93,1,0.2366,74,0.7168,75965,640
fb43a597b33bef768e2aa3195ecbb33a34c2400ace56881a74ecf023f84fa6db,0.7761,0.4109,5219.47,0,0.1537,104,0.5569,86752,643
636dfe1d56d0c9f93ef56cc9a66c220a2022d63df73f7a476ad045bc7eca3a73,0.6912,0.5823,6563.44,5,0.0977,114,0.949,63674,669
2515d92b9d8c5c8a0c2896f1fea9aba0d2cbb51777081e9fd4a9640bc88c4626,1.0,0.0883,7214.2,0,0.0,151,-0.7203,94136,856
79dae2fca795e2b4e24aeb5fb79ad86396b3a4de39621ded296598ae453707f4,0.8876,0.2529,8988.44,1,0.1313,92,-0.6327,52611,762
b9b022bb6bc8aa580337a5aa6b4aa3f79f71b5c3e2f8028e943c6a7088b39ca9,0.86,0.3995,863.87,2,0.1154,96,-0.4483,46078,678
eb857877660a3ad4627cb5cbb91a4674f4ae1b3e311e09252aa5cbb90e139bec,0.8823,0.1556,8975.71,1,0.1306,98,-0.67,77961,732
16d3375a3da1996138c6baaf4b0aedbccfcf810565e48646c497c0a83eb72002,0.7432,0.551,633.78,0,0.2243,63,2.3522,33898,526
f9d968487348dc8065818a29674aa9cef018ee7e0ad597f7f9f588a7e3810704,0.6908,0.455,3249.51,1,0.2804,55,0.6905,71713,554
27189c1c0dceb6b8c13e8bf17cee102e81eb1c572451b281e33cba681b05ce7e,0.5758,0.5781,-2147.68,5,0.3536,4,2.7935,17903,451
bddb54096040f46ffdf682673785cded41172022870757cd6776920f7ddcd79c,0.6557,0.6374,-1654.09,4,0.4282,37,1.8818,34341,502
88fd4b4888a4b7f6272436eaa9e474c13d5a22e4c36883305e260d0278598f05,0.9297,0.2921,3530.64,3,0.1045,115,0.2481,72458,719
b0b3a2273b3b57a06f386d9d8a42755a203c63413fc97df41a3902c81fc90b6a,1.0,0.1722,10699.59,1,0.0,124,-0.916,109155,761
26e4080f44dc461f8f91b4e575afea9869c4687f512ae9b9ed424bdf1d7daebb,0.8534,0.3026,10009.77,2,0.1125,104,0.3942,67093,655
052b504bf925e5b3d2528cf6346b759a762093422b25a4b12c05798d8d8d5b2b,0.6338,0.7342,-5413.76,4,0.4563,26,3.1948,33486,455
063e4b028c51f964e2250b6000bfecbeafb4d476ed7d967881ee3b7e2e14b790,0.6758,0.5042,2369.64,4,0.2402,65,2.137,53383,550
323b375c30f0966cf68c30b1600e8e7e2621bac9d8f43dd510661a893130c062,0.9279,0.289,7485.96,3,0.2607,112,0.3992,93226,698
450a1f023f84aff62fa3ea4cb945d17008a9238ef29d038492e82f359a246d97,0.8525,0.1891,7011.35,0,0.0845,102,-0.4717,96684,763
1de923c09cdca414e43a7e7ce44c9ecb466626967bd8129669401f94fdc5c027,0.9573,0.4018,3508.28,1,0.0,118,-0.5962,89301,851
041ac7553329aabff01f7c5043544f87e117384df2fc49e8e84de585617d34b3,0.5919,0.3947,-2636.37,2,0.2869,97,0.82,27987,577
0a481bc066203ff88607dd8b63197700a4c0d4fe1f88899e3a89f71d71c1b0a3,0.7983,0.2571,3287.67,2,0.2662,99,1.013,73220,620
4b0bf271e167c4b6233c5e64823cf1a27a4839233424ef8c99ae5eece44e5474,0.702,0.5094,-6056.48,0,0.3094,55,2.2438,48290,608
a159682c0656a10d4e642ce8957e78852e35d9af167813b7c9d51cdd43e44d76,0.9324,0.266,14165.59,0,0.1521,133,-0.3904,103978,792
639def3718c4e73a6ee518bfa93bb891c73b2c281ef47d2caf28b2cb7bb622df,0.9806,0.0514,9880.82,0,0.0,117,-0.4071,82417,803
642c96360075ceb068770cba0aefc2fc707019ba99016c27cd00d77b3f195ada,0.8107,0.4625,2871.79,3,0.3319,66,1.682,79575,581
22e012177eb264e0c487d0c2fa2df10bee8c1b768c1c9fa7dccdd92dbb5b18ff,0.5017,0.7824,-10768.45,1,0.6716,22,1.8503,24482,354
b51592ab207ae1963681bd87aee9219a0b9cad9e9bb093e1b6eb13a32f861056,0.9124,0.1815,3354.51,0,0.092,112,-0.2393,79931,819
117b15cede571e380a0c5b042881e3db4628aed4a1dd5a4f50595fd66e2f15d6,0.6315,0.6816,-349.46,1,0.2762,46,1.8,37966,443
544d8f4cc41e702be551b06b10f6abd49a91723a7652aafb5dc1d96a9b54b007,0.4743,0.8656,1589.64,5,0.4786,1,1.933,52545,369
570e1ccd5a23fbe63cfcb93db0f4b03be37b3af5b6e02a6c8436ecf351c9e43a,0.5319,0.7121,-5986.24,6,0.6726,23,1.9601,35884,421
f10f9dcb80cbcb5ab5d0f4292c6768af3fbdb4c1ff6a973643fc8876869498c8,0.8887,0.2784,9100.36,0,0.0592,115,-0.1587,97108,708
e8ebe0ed216995903dce62dbd612e9e60dcc4ca5c34e54a33284525cd350e8d0,0.5148,0.6087,-5535.3,5,0.6614,14,3.0275,9199,338
4861835f22b06d9502f30cd635da44715ae7f27c6cece4f9e2c2d4ef3379d1a1,0.7145,0.6248,-909.94,2,0.4,3,2.6723,30597,476
7a5d60b82b4807124674dcbe528182465e76a62e0974bc0af6fbe164b36be852,0.7067,0.3968,5923.32,3,0.323,82,1.1015,48601,582
d32fe88db3a7751e56d5df819a1c247f925652259246b8603d97676cfec50d82,0.6531,0.6681,-3531.44,1,0.3611,34,1.8646,36133,415
44c93eeec9f4e23037b9c5434438a17732e726fb3a2208d22054deb6b6ebcaa9,0.489,0.6077,-5838.29,2,0.4899,1,1.9537,23960,355
075f668ba3dbfbf230b4cd976b6a4f161b18ad25bb0cfdefd7d43b9ca67553ae,0.8082,0.4061,8389.65,2,0.1471,100,0.6738,61379,670
24bf389f7df23e2f34351fd10cc131c216c6d7cbfb0eb74ce88462a2face04d1,0.98,0.0751,7761.47,0,0.1176,85,-0.3001,81871,788
5adca8f5b3eb84800fd4a7e03c1a11d56b54f5654f66ed43894e8a46e15a97cb,1.0,0.1283,12922.23,0,0.0234,150,-0.4782,86215,806
622290303596a38d748996ab3810741a1d38e33a188526d682d3d14675b7e6a8,0.8074,0.242,2797.88,0,0.2521,89,0.7359,69855,650
13e517ab8151bf69680588aa6dc5120b94769ec7512d1d6afe25f2aaf8363314,0.797,0.3551,7296.76,1,0.2279,31,0.682,79774,623
661d79d1bcb367d42bf0701f812bee184034686d164cf0ffe21f2b19e7a4c901,0.996,0.2274,10069.82,0,0.0,129,-0.4446,73297,796
7384351130e32978662b3c68dfad7a90015312f846a063482dad24e99f11e23b,0.9572,0.1691,10831.59,0,0.0372,120,-0.4982,102675,839
549ad1eb17abeda7b7f831f1c7cb91738a18befad351fb951e3bf289800903ad,0.5466,0.8698,-4129.87,3,0.478,4,2.2462,43236,409
af258377cf22a3d96a3839ae0469bcc0910f70cb4a21519724f6ee3f7b8ca82c,0.9122,0.4781,3056.11,1,0.3249,73,0.3648,68305,667
6c9416e9ff53e998ed23d00a5a1c3d4edf63ff60c6ed6322bd377cfe0fc8197b,0.8334,0.3045,4289.01,1,0.2168,83,1.0223,61635,623
3f0fc7edb0c4b0e00c8fe38c704b99e06912e6136061c07e06ba95d62b0e8b4d,0.7571,0.5997,534.87,3,0.2929,57,0.2421,70464,590
114eca88fb47117ee9717037b066acaf102fbbc586e21fb2c582c68784d4637b,0.6151,0.5687,323.57,6,0.5484,1,2.7982,18276,426
7077fb73a47d0374b162d9bfb620db563520176903694c5c2837c0c5c2ae6954,0.6512,0.5458,1117.62,1,0.3233,91,1.2224,55535,569
43c4af5127ddf16505790132b369002bb3af1dd6e8851c14c8cac75e2e93fdc2,0.9557,0.1548,3491.28,1,0.0,110,0.2088,73633,796
a982fe5d773ccc066c2232e2217e9c5fb3f4819ee46b97c20a40beda23f3a573,0.8066,0.2251,685.98,0,0.0649,83,0.7177,49144,728
6926e6d704e730b0bd8399e35b02e5db2eda6442beb1234278b1df7b515d13eb,0.8731,0.2856,1897.03,0,0.2227,86,-0.2695,82131,753
3c281c44101be0143ed08069aa23ce511c842557a15e9019bc180b2e89064a35,0.996,0.3325,8491.06,2,0.1429,120,-0.2846,63113,736
2cdc38076f6118b978e1e8cdd7db7ab68c72ba709f0276fcff8b230aa284bbca,0.6987,0.5773,-2112.94,1,0.1782,36,0.7156,53646,623
162079c53df4b1b8739738ac115047cf616fd249c74d70753d87ec6bfa2ce968,0.5934,0.6346,-186.16,3,0.4787,45,1.5937,57597,516
36fd6de58ef955aeb0268782974821f18e6af71332dd5b1f776799fa1a657ede,0.7711,0.5117,1814.29,3,0.2879,51,1.5687,81971,588
fbcbba9f66a9cec12b9310fdeb8bf072b4d8540ff4ed236cc376082810c5ab41,0.6959,0.5016,2104.32,3,0.2206,59,0.7484,60328,597
0f13a1bc97c523b29e1adc302a93a0736f7e524532e98a278a177c50e4eb9f4a,0.7522,0.4399,4553.27,1,0.156,55,1.1564,79224,594
796f850179c5921158509466055dcb5fda36aa7b5150ee32c0d4d611d30d7570,1.0,0.1956,9354.41,0,0.1448,110,-1.4599,100008,846
1f4a22549ee5caa3818351ec90468df4f5c8c4e89e5ea3bbe184780157f92224,0.6908,0.5521,-7468.1,4,0.177,57,1.175,44445,543
0f8c2c607ad788a7a68ad4c3a0aa7658e9734c94f8beb6f61405e123199e25e3,0.536,0.7077,-2548.96,1,0.3794,44,2.3992,9378,446
45656db82b1bdb95063c934e83e42c12d0e1ac2f78bcc6bd8be9c04daba41495,1.0,0.0,10666.93,0,0.0363,111,-0.4638,121152,822
525ac5373cdab6450fffd66d69005a89b5ccee00b0665e9c6c6f1a507008d959,0.7109,0.4665,6841.47,3,0.481,65,0.7013,41173,551
e0dde95199b5b1c42875e5b8e3533a66b878c121469d27e734d84dd2d6073794,0.9282,0.1976,10594.85,2,0.234,114,0.0645,96930,732
1a7b2406666d82ab7855c0debbedb45b279f2008a52f4b978b19f7047421c3f5,0.5179,0.7546,-7642.62,2,0.4575,1,0.6966,35768,418
abc1f31f5ad0042fdb53c9db97d9f78ccead96e5b004eb6aa1c4bdb93050c2cf,0.7156,0.7031,-1157.04,5,0.5572,51,1.0157,31451,518
4a64f9ddffe7b22773fa3b1e868b86aaca917b8a0bdbe92a52afefbbe51bdd42,1.0,0.1185,4092.16,2,0.0,103,0.2705,98229,808
63364e9ade57e460f8d684f04e24067b1ee41a9492362398b237c622ff42259b,0.9185,0.1647,13390.63,0,0.0733,101,-0.5575,125758,790
a164f1dd42ff1001a3f980586e7bf4425cac974d8e2ba5bedfbb400854bc4b0c,0.5946,0.7146,1166.44,3,0.5237,42,1.6422,59716,390
adb25633c0d96eb882027d6384725fccd1d234a20541ab8215210af068c8befd,0.9242,0.0679,8194.94,0,0.0262,98,-1.0945,77072,712
04db60f844de5c37d48a045c1b18bf280fb985d13c201dddff4e51091d6882c6,0.6627,0.4704,1666.21,4,0.423,37,0.451,42215,533
b16553d153fe8b34a4b1c9b800148a6193178823a5693c47dded14becb935b97,0.9516,0.2159,12283.35,0,0.023,143,0.4667,91590,761
7ca8e28017b6f1ea42e6cb5e57f0e74098126b3e37a4b7b745ffea31febf470f,0.8182,0.107,8518.56,3,0.2741,109,0.8317,70235,688
cf144fe3555c660a6f78106c23969a528d73bf278df5670220e9aae5cf2d7d29,0.5495,0.6353,327.86,3,0.3419,1,1.4805,47882,436
cf0bd683283648024088eff2413cb7aa15a248bdbab1bc01d6bbb5eef7a7a4f3,0.9081,0.3201,8540.17,1,0.1467,79,-0.2493,96001,751
f1aed42bdb33f8a7a5cfb49d81b4479fd7e416929ccf74d4cdc55844e7e70486,0.8349,0.4163,3893.63,3,0.1611,103,0.4972,47636,723
e1334d3305cf16c2761220426122a83c0ed645effd74d497dcfd0593964e25a7,0.895,0.2884,8905.37,2,0.2508,99,-0.4189,88768,713
16f11caaeb7a526f5cebe2c581db8908a3857e08bfab4dbd5bc462d21723f183,0.8699,0.3108,9443.46,2,0.1158,137,-0.9011,81288,745
54a79c402d8f7913145b389118fa1f957935014e12d65bc03b65996ef5a92767,0.503,0.7741,-4648.08,2,0.688,31,2.2356,25483,379
0f23938b83bf1425b31b54621f3c3885b6db7babfe416e533195898d08d734f6,0.9271,0.2383,6935.64,0,0.1312,121,0.1884,93010,815
2384d1b65501de2e0c9c4193cb96adbdbdebfd5da1d90d1982552d73e5fccde2,0.9125,0.194,10843.54,1,0.0895,91,0.3072,104346,767
394cb08cfea01deb852c4cf04430b73aa37309b031fde95f4d0cb4fa52aa8a88,0.9125,0.2011,13024.46,0,0.1575,126,0.3312,104171,788
f8e1cacf6ae5ec080738e6d1ee76a9e464915e045dfc06a2fbc1cc792a18f4eb,0.7885,0.3682,920.33,5,0.3527,51,0.0895,52319,572
5d48955ced2cf1775e0606ea65bbf7d87d4462ebbed2340b05c1172a3ba5938e,0.4286,0.874,-5209.77,4,0.624,42,2.4129,22216,342
5f16c0c12d940e20ac941205def3fe82ec30891827ea85d432115d07be5d85b9,0.7887,0.4664,5809.63,1,0.0,98,0.4144,65308,708
e0e7d95b8b26d59dc1978302e8bfdaf5ad0143f89c78defd272cf8ac68683fe7,0.5934,0.7601,-319.53,4,0.3729,21,1.8123,11949,395
30fdc973f9e942fcb993f53a52e246848ec258e12fb18f44ca59ee6bcd1b6e30,0.7688,0.3311,2782.03,3,0.3644,102,0.5243,68221,701
ee105d16089a2556e2ed759814646240e555c6aa91734b461812363c9df9ebee,1.0,0.1079,13847.15,2,0.0,162,-0.4695,118053,804
aadba1f87e595a724df3e817a2d63d46b77d6fec15df61095f9069e083d40c3f,0.9213,0.3136,8877.47,0,0.1838,108,-1.5311,61579,747
3d3b99eddd8169b8a995d6a7ac9045108380d61574f5eb6c0b37bacac109df17,0.8814,0.3219,7771.55,1,0.2235,112,0.8454,79251,697
c6e0cbe15c3fe10285f59cf04e542e3b1959be9688c13bf38b9c8adcbb09f740,0.9237,0.1993,13711.36,0,0.0,110,-0.0219,90809,854
628df2f44206edc0a6e804a1a515f6f80df9a2a26fc6f01c85b88f3445f4af67,0.9548,0.1115,7320.52,0,0.0,123,-0.9757,97210,847
aea6001da502a3a41becf5bb41866b07640bc6cd5acf3d6585d4bb5e5e997961,0.8855,0.2093,8122.66,0,0.0076,88,0.059,76961,792
91307ef91f62f3bdad79046b2852b93df16960635511d8cb790d5d65095e5364,0.7095,0.408,-2219.57,4,0.5462,64,0.9683,33505,572
903406eb6ff874a6171fd3559ea6255a7edbd78f4b94c884c9bf1d6e6e703499,0.8662,0.2725,6872.99,0,0.0181,111,-0.1875,65401,743
5e894f41e8c7bbec9e935c42d3e71596edf4e927913640dc8d1ad56d998ed183,0.6286,0.7108,-5192.47,5,0.3496,82,1.2609,62760,496
64ecbf4a9192aa7d5d8a7aae46f1c562e03a4269889d159b38b83b250ce4a013,0.6012,0.6097,4118.38,0,0.2252,31,1.3935,41925,558
746c69dccf99003dd659d5d194c06a33687c2026640f1d47207b5ff8f36ba002,0.6339,0.5903,1969.06,3,0.4931,52,0.9583,42954,537
1f465f862869a8fa8237ff3bb18853a4b8e8ab8982d6a55ac8c4823a47b29817,0.8446,0.3095,2310.09,4,0.2501,102,0.3233,94989,675
6135dbaf43eb9d1e2ee04e0e18b8cfe0f9cdfcaa154014dedb5920d6a088cfc4,0.7432,0.5334,749.61,1,0.2954,55,1.8557,41257,548
47b472c310210ad51bc6e9179e460c535b4216501b3987d25e99735ce6c3f095,0.7951,0.6504,4158.24,4,0.4664,63,1.0358,61796,547
da551db8201e29fe267c27076ec548c165074e76256b4971d4b351e52811b361,0.8195,0.3803,-903.06,1,0.3578,55,0.9254,75980,559
c018dae717fa3fbcfaf456b8fff1b12ce20821e43960827b3d058f8304256489,0.9759,0.1761,8879.58,0,0.0,99,0.1928,105993,796
c0fe953513069132cf2acd549fbe830a847af0bac8f995a5801a59a6bf51c1a0,0.901,0.3199,9809.23,2,0.0,77,-0.3759,67816,750
da2d9a9b894ff75b1bbc008bdf55df0c9a011587774776683d95ddee2d493c7b,0.9002,0.2165,3215.24,2,0.1733,107,-0.4465,81630,809
6bc36c72bb77f021ac56688bb27f46c8f3080a622c572063317bbb86e9de59e7,0.5952,0.9455,-1810.55,5,0.5563,1,2.4259,30586,339
21238ce4a7d620e6bd0cd77c350ecfef9713a15c7c88e78905a37749f939b461,0.8914,0.198,1621.65,0,0.0,107,-0.5995,111035,758
dc388d2c4e4bf3f05eea9fb59961640d4ec2ddab1d9f2b8ea3cc92f3242dbc4c,0.832,0.4306,865.69,2,0.1729,45,1.3669,41742,525
d6677feefebe479c8c3d4cf99e27603880750c025594486e6efaf25de5cc2e52,0.894,0.3207,3878.2,0,0.0,101,-0.3515,78560,763
060112574e9338b1b0e2192068125854d65825c733d7bd07d8150c51f1b22b90,1.0,0.1141,11941.31,0,0.0,104,0.3982,93747,761
61e7b591da452550b09836f665912b238bf0c1dd3734ba8012f9dfe2854aa341,0.5896,0.6478,-5546.7,7,0.2784,34,2.1884,44893,499
da0a5d9692de4364c470282d7d088f3ba48f1c31c5041ee657e02ef6fd87b73d,0.7878,0.4854,-3321.37,2,0.2249,54,1.3814,65559,576
162321274ebcb8ce304d88dcec01afb195a51c0f6d2a3f70c893f015c3c16f29,0.819,0.555,2425.69,2,0.2271,46,0.2914,44774,642
c0ec74e8f9f5bc5b1370075121fdb553f1e1ff3fcd54ccbc033dc1066530590a,0.5299,0.7357,-3809.81,4,0.4565,33,1.962,24986,447
8be8ccd14b30799f20ea7b5e838980635122fb2a6ef5324e7d86bf41cc8ea249,0.8191,0.3559,786.12,3,0.3573,115,-0.1486,78165,736
11b15263f2bab676fb96f3ad898e4c36e5b39e6e6dd5ae22239937258ad110ac,0.6291,0.5147,2000.53,6,0.3564,57,1.397,67857,524
477329a515a1edc201bb3470120ac66ba513d14f1590ce2f4fea9ca5f95fb0d4,0.8344,0.3429,902.95,1,0.1081,94,-1.0331,79769,756
cc608832b7ddaa4f4d87c05930937035c654f7037e8dcc69c434579845f3fe09,0.8351,0.6996,944.39,1,0.2888,81,-0.081,67948,688
c90be1bcb5e3d4b2b88c7c898dc9099072213ad77a69e46f7a8d5fa4acf1326c,0.5134,0.8228,-6029.4,3,0.5484,1,2.9553,8324,400
9386a64e3c1df7144c7a0ab4f120e19c3279d920cb8faad85ca9afff3c04d82a,0.6766,0.5643,2627.38,3,0.4312,50,1.6404,75792,539
d41ef4baff757e71dfa62bfbd77997595706f81ba734bfb34fd415be79488581,0.9278,0.1362,10885.41,1,0.1481,99,-0.0767,86308,740
3bf250a7c9facad0f2bbc923fc2d4e70e7e5b5f8060cbe694a781a21729418ed,0.8776,0.0904,12421.71,0,0.0477,106,-0.777,111437,815
1feb6ac117ca3ca5d53d04b514949edbdc915d49469e3f8c185aa7ae3b27a1e8,0.6467,0.6677,-2990.38,4,0.7779,16,1.464,33618,466
6bf3e5075c08889d55b817cc9815bc47103fc0b2f85601966235eb86b32d706d,0.886,0.1923,-177.26,0,0.2069,100,0.1791,85837,793
f14a2a73e3162b4733f6d44a6457f42d5d60328c146c1e7f488e408b05a71729,0.9654,0.1844,9336.11,0,0.0,137,-0.3045,67700,770
77477bb54cd18d184fefdb61d8010c81fe45339d5b943cad68d009814a47c267,0.9585,0.3438,12236.31,0,0.124,136,0.7084,56136,755
a71a3758ca7504e7da432c7072f91206e8b676c6ba285644284173a52bd31a58,0.9786,0.3257,11003.61,0,0.0287,91,-0.0528,104390,732
c749be1ab924f5531c0e7bd5595ec1c1db0846d03a84a944034048962c43e404,0.9563,0.1411,10235.07,1,0.0908,112,-0.2399,95017,836
0b08da79eacbddab873025861764d1b9cbe88aa5a85669a8bf6353229b760c61,0.8274,0.0963,4439.54,2,0.0,106,-0.7959,92472,755
0a7c519de75c7ec241abe52454c1e4249fc3ff6d6bfd5552b8ab9f298205a9f3,0.6975,0.6346,-737.97,2,0.2557,74,1.1521,32399,569
e4966ca8687e81bd3f1132d45e69547889f587c988930784f7e1da1cf89f3c30,0.9171,0.2263,13011.89,0,0.146,112,0.1464,71576,773
8ef21eea6a237d24193e6d6806252d8026d6caf4ad805b1a295e17e467eeefeb,0.6577,0.3687,-2967.8,6,0.4485,64,1.0571,69440,543
ee775d2d9e506d3d17cfd276726e094532193443172e2f13c567ef339d90c2e2,0.9048,0.3005,3480.53,1,0.1733,118,-0.1276,109697,794
0083f7dc13c08690a7771a899be15f40337bfbe8c7d6a810a4168a45054ebb16,0.8802,0.3245,9774.83,2,0.2075,95,0.274,74399,704
3b75b1d2e05d88aee67702751eadbc2efb6ef3a9fd813d1c8b35cf13544af7b4,0.8441,0.0301,6044.65,0,0.1439,137,0.7898,95875,811
5d4f84aa2c6eae867f7691d095eb5dc36a2af23433112fec3c1baa68d0ac33d9,0.8381,0.3078,589.11,1,0.2519,85,0.7456,71567,664
218e343e052ad9f74b2bd79870d89cfd7967dfb23cc24016a7f048d41f4d12a9,0.531,0.7083,1359.41,3,0.4786,9,2.717,27661,346
a5a88cdc9d86b033eb936d5f656281b09eebbc6c37a3c94a24c3d3a2a5ca970b,0.9264,0.2334,9783.87,1,0.1453,114,0.1307,119249,844
deb6a9f860cda117eeb0e5f1acf4aa4567eb0eee027f64b4a484ca13ab55c77f,0.8484,0.2385,5001.84,1,0.2566,125,0.8127,72653,750
6ba75926a685713a83d6d87383e53fed302084eed317ba440ec2fe7d70480711,1.0,0.1042,5045.64,1,0.0544,111,-0.5015,110519,786
e7645401a79c55d1b06e1449bc3b73354dcaf692137fe888ff26ec23df244087,0.857,0.3555,11913.74,2,0.1574,117,0.2422,83169,680
e24de06c0196575c2560fc47322559dd11ff6ae52c54c859073028f91c6cdb52,0.8805,0.2354,6221.62,2,0.3073,89,0.1396,79986,679
f3b5517d1327a852b77b4a85589a125181c55a3b8790a63ff0914324429cc679,0.8875,0.27,11478.92,0,0.1065,94,0.3158,106110,832
e34d5434767b5f2253c702b574c7eb2383c5cf09fde27be0b51a4cb916be3de3,0.9985,0.0456,11940.61,0,0.0372,139,0.0443,100403,797
eb2455b221543e777a7d3ddf690a4a5b9ce615be706262b5eacf7de02be78ac6,0.8385,0.3124,1568.53,1,0.3232,59,0.9363,61920,583
781dd1cb3e62f6e1fe075265e712ee7d31e2a7f32d6ad4d5f35073487ad70482,0.981,0.2324,6919.77,0,0.0519,136,0.2466,112470,806
b11ac8e64c2ed510d8feeb4f4e6ee04dfaa637c28e58318cb8d92ced0a34a130,0.9633,0.2197,12207.41,0,0.0032,121,-0.3554,107370,729
24385aef71c707abbedba2619168532ad4c8b3334f2cae867fcb3a07152447c0,0.9388,0.3018,11643.66,1,0.1476,92,0.4915,103395,729
72e0af4ae27d381fde5646aceb42a1aa2dfb6c0a5ec1a1b287f580769702d882,0.8658,0.1487,2412.79,0,0.0744,114,0.3992,31248,814
187d183388c9282deede04a1884f5e058837fdce154a93dc7c379f7e0f4e9afe,0.9176,0.0904,10491.04,0,0.2306,111,0.0704,100425,825
242ad028485dfc35625695d37fc81d3c238657419fb7afe476f636b51ee7d00c,0.9307,0.2916,7863.73,0,0.1497,124,-0.0784,93727,779
66141e340ae638db0d27b061021153dcb2b29dd4acee42722618fc3e96be0c76,0.9369,0.0157,6095.85,0,0.0,163,0.0175,95188,823
bf73d738b07621eb7e8f211e0a0ecc325b5f1379302309f321df772cbd00c474,0.7088,0.5332,3647.42,3,0.3584,67,0.4806,71078,598
ffcd27313614a0c2bf7db10cb882fe494a976b59c2c0832743e6bdf27bfa3668,0.8543,0.2786,4387.34,0,0.0933,130,-0.088,95567,796
c2b88a23b7b15a597134363becebb829843405b95c3f1aabba19284915fe2523,0.8152,0.3332,5077.36,2,0.2719,104,0.3549,91376,709
97e67eec02f83595b735f8335cd6d6a9331ccdbc784f9125132065358a387483,0.8572,0.2269,3706.58,0,0.1035,101,-0.3852,75191,702
8d791691ce596c9a44d328a31dc0b7243c5444937cafb6351e808787979d56bf,0.7618,0.3633,1459.08,3,0.3005,72,1.1456,84917,596
8d32ef7511805e885c798359fa217b36b42f7dd4a3b6f92b2ef31ada541c0ba9,0.8436,0.2466,6283.22,0,0.1302,86,-0.4239,93005,711
60fe7fb0dc11f6a315d4643e271d8460085f819de7bef5e0bd8fa09148f27eea,0.8034,0.2772,937.12,2,0.2465,90,0.4893,76051,680
b6fd2735307d1994b7ff7c2d8d7c963d9f08e6b6ae01c150e022db85ea6c37f1,0.7733,0.31,8570.34,2,0.1574,77,0.7497,74609,668
6d3bdcf6258f2fb6155dc5f0685e984ab573098caebd5d87b0054e2ba96af910,0.8081,0.4966,4085.89,4,0.3533,54,0.6134,77924,575
3e88b80617212c8dac854dd850db9ca75f8b08a49ef9ed09f0bb42ed1a37138c,0.9025,0.2772,12699.78,0,0.1492,130,0.0781,101011,724
71b1d5e3d4f32a4f0364d59f6886978c225d3f9cda704a462fef5e1bbc5262b7,0.7091,0.472,-250.7,1,0.5193,55,1.4874,46199,519
fbba1924f25eb0e12ce7a23205e73494e258386212a941543d419ba953178563,0.8101,0.4341,2352.49,1,0.239,79,0.2901,82848,714
adaff123a960f3287f0cb90294771fa5e4003c7090d879f49ff20e5ce19155d0,0.8741,0.2145,13600.95,0,0.0258,145,0.1188,93681,763
d94e84af79f6acfccf8295fc6bb94ab8da3ecb6b77c5694b828488a6385d6e80,0.6008,0.7733,-3573.04,6,0.5525,1,1.4857,65613,450
bf914e110ae3ae27c1482c285d127fbdad5223358e12e8c198183a8eeab3eabf,0.8396,0.2836,6505.55,1,0.039,133,1.2359,100681,754
e736aa84992272e01248e5891248264769b58e409a80c6d7e5deefb03440f2e7,0.9911,0.1896,12054.94,0,0.1127,113,-0.5337,90054,843
36aa06ba43c548dbfd72f2b1e7ad3452f1428a8f291659b8f20e0b9912b904c7,0.6571,0.566,-2882.07,2,0.475,62,0.7481,86059,530
704a9810e770b98e547024089f097ac6a67ff8006516e26b52b2df0d29ca235a,0.9533,0.2705,10160.81,0,0.2047,104,-0.5976,57946,818
a11c0e884dbccf39408af498b7f9804c486d9bbe80cb7298cede3ef607f53aed,0.7728,0.2212,6946.14,2,0.2298,75,1.0346,83939,703
af911adffa781ab861b0a3d70b60dee8ba0022e3c1bebeb901f268a222534fec,0.877,0.2635,10095.64,0,0.0998,128,0.0379,69757,751
c653728c8fbdea331532346016b56a58a1fce3f3c25525425c3aa1176b07769f,0.9862,0.1563,11397.62,0,0.0618,158,-0.9274,121445,825
4e8c02cfcedaeb57d6008a41cdb81a95f9e687c0f663f884014937ebb9e0bc99,0.9581,0.2027,11281.2,1,0.1428,106,0.4506,89825,789
9bbe84e1720d929c23eedac410414fca6d3fd6d84c52c65612334859de5c62a1,0.9537,0.1468,9425.81,0,0.0,136,-0.6592,86797,889
37ca1c96907673c9d1619478f7fe7dcf2f8479b2233efa523b2a188f48135d6a,0.9898,0.1662,7080.62,0,0.1466,130,-0.107,94235,878
7a9098df56478ef474f8bdbd39c9a86094a090f82e13070b7123cc2157554d22,0.9521,0.2113,14617.79,0,0.1265,152,0.3102,80159,862
ba18ec72678c617b9c6c7739d98f0e3126d0c7d3342c884969896e2c11e6d6d6,0.9219,0.3035,756.83,2,0.0973,52,0.5698,70543,731
0c4371074afd93eea2b88a8945dd269521dfae1ed54518fed96a160113852392,0.8785,0.1076,4297.39,0,0.2452,128,0.9826,87480,782
9170ce054a086b59ecae41c18397570e6d76e5114ec08961cbf1a9ac5efec110,0.8104,0.3895,7373.37,0,0.1826,82,-0.498,65681,731
4ada0f678a4a63a21a60e5049f6750319a7aea50b54848f7be02336949eb6fce,0.9053,0.4569,7826.83,4,0.1725,28,0.5006,66460,636
8047ae736906c906847086b1ce220a7ea686f8f33a53e7ae285848513d8c8b95,0.6705,0.4607,1092.79,0,0.296,48,1.2672,55330,591
8cbf39f9372bef91c172ffb3521b1e246f4b145e69c8f23ba4cff5fcf2b7dd96,0.4671,0.6981,-151.57,5,0.6748,63,3.2605,14924,382
ebc0f9f585f6a456442bcf69707a7b61a73e62f781e07c12320fa791ae67bccc,0.6607,0.3948,-5293.97,2,0.5548,44,2.2603,25490,556
bde090e547934efb6931d585444ea06743b8040bbcbf3e96bd032d8f7b2a3ac3,0.8072,0.1789,6871.4,2,0.1661,134,0.4703,95971,775
6267df1d542c9977fcd76beea217691e30874a310ed5a569cdecadf2997733fd,0.9941,0.1093,3839.47,0,0.1535,151,-0.7893,105105,847
377415d917c76bd6d74ab25ca65a7c1a879e97cfd9a84feffe541c9bc54c87b8,0.9782,0.1413,10471.24,0,0.1965,116,-0.4648,100979,781
91cf9081e105639bafba69b83827bdf46bfaf1c98849c74f729a89c326441ef6,0.8967,0.3075,3627.57,0,0.1249,120,-0.5681,99037,806
83a87611702224bbed651c63a64713b0a5b3bc69d9cb0ffa19a093363b2df13b,0.7636,0.3055,-218.94,2,0.2883,46,0.3854,89534,594
418d263aac742c0c8da3d66e09cf4a2697c2170814325e71034c2da4ce1d6914,0.9529,0.2871,8742.87,0,0.166,95,0.8062,100026,780
0ca984be354196d012b9fa6f9bc3f75c03a6d768703598b3ce52e1b22024e9e9,0.5496,0.783,2299.02,3,0.5091,63,1.5554,82136,493
6e5a137d508ebbd3f49455f49f7ad30b4e1218775b7e5d257666eb42deaaab3b,0.7812,0.4,4941.38,1,0.1091,96,0.3606,122073,701
df1f856c44d471eac01594a1965f94c26769cc45f197958c7ed140ddceefb5cc,0.9598,0.1378,10847.14,0,0.1077,132,0.0599,69023,879
3a1297f38f23da7c5ddf42e974a4d3bbc0440f26a97b66f213763b9286a2ff1b,0.5422,0.5975,-991.38,3,0.6501,33,1.1892,8000,418
fc1ea3e6fb046f2237ed46908cb1af4d4ea5b3724c0572aa35de1975f2922e08,0.8116,0.2342,4143.12,2,0.1878,134,0.5684,72099,686
c71422aba467216d8a698c9f0d08c7f26533515382a391576b2ec7cb808f40d4,0.637,0.4867,-2277.01,1,0.3284,51,0.7501,59601,553
4ab88d676cf7293a20d2ef03f148c48ecc439603eec3ba28ecd14baf3a64db55,0.92,0.172,8973.86,0,0.1565,142,-0.103,84350,765
25bec610044dfd9d2ed5b75ce5d8b7b9fc6d7dbade945b73f29ed3ac5206aa17,0.6817,0.4776,2514.24,4,0.308,60,1.0718,60820,605
a65562f4d44c2f1bf49017c8702f265e08eb2b1814bcf9715a5d8e7ff5e4ab24,0.9475,0.1859,10282.82,1,0.0,146,-0.3391,83150,771
8cc5721adb8201c4812395d8f0bab7c3c9b1a126e89bc72ce0492c06954842c6,0.8643,0.2959,6563.64,1,0.2897,72,0.4873,66270,687
8ecc043eca438ee3e9209fafd549d9ae526f67188299fb49c8579735dd3a83da,0.9191,0.2665,3758.76,0,0.0643,113,0.1578,77266,814
9024d63b199b6a2b90fb472ede80a9151c7f8e2886b6c64d4e669cc39a0b9b16,0.7695,0.2225,7325.15,0,0.1917,86,0.3393,71686,682
6b1429bb15888294893dfa97ee641c11ac2904836a5f199febf762a03bff8a81,0.8709,0.2606,5384.3,1,0.1234,97,0.6077,88057,648
980ee9b099cbd7b50c7a5787d899e8442f5cd47d33f14c6c0a29c0cc0043db67,0.5856,0.6442,-3382.46,4,0.605,60,1.4525,29049,429
bfce670e9a9f0f25a13ca7e69324d9eb6efb019a8e7cc61a54ceba8f08e2c140,0.9048,0.206,6509.87,1,0.1896,118,0.362,81765,725
698867a10be710784855c918507646d3ac0eab4046c1c678af046861617b35f3,0.7827,0.6245,-161.82,2,0.2996,91,1.0151,65401,526
0490725b84884b8fc932717048280044e463d8ed0d41d4d149e14297349a7559,0.6082,0.6167,1992.42,4,0.309,33,1.393,40089,483
f257ad5a9dfb881cc893a5f46c5c466082c377160e60cf6df459b802f894fb09,1.0,0.044,4179.33,1,0.028,103,-0.5841,108396,795
d6496a297dade66736d50f64e092dbc737fb6d3e0d1180ced484f668761ad669,0.8265,0.4775,-353.28,2,0.3519,73,0.8539,46885,639
106c8734385e28a0f101bdd42dd3c560a7d8dc8b1c8cb9be4313645f61b3bf6f,0.7717,0.5159,1036.87,3,0.3379,67,2.0307,40411,602
4e561057de7a7bd3c173c1bc7cd0fc79c94201b3667b521d36f8c08905350ce3,0.7363,0.3905,8400.83,1,0.2685,76,0.7564,70220,652
2eed83094f128b8d73c15d54193538f9c90613a0af70b2d21bcb36a8eed158ff,0.6561,0.3314,6124.01,1,0.3027,56,0.3356,68523,588
27346947d970e8523052706cc22708f3e7e5483b69721e5bbb1290f38c4a0779,0.9203,0.4278,1066.8,0,0.2363,123,0.7615,65635,742
baaf940247f0871306a4f325ce9a2585a62dd4343043d982a27fdd4797487de6,0.6261,0.5456,2670.93,1,0.4511,33,1.5407,59444,512
c36a0c4bb75a1bf9fdb7c228532fcebb17445b21250b709ae6e5054ea1dc81de,0.6837,0.5435,5676.58,2,0.3799,93,1.3162,84225,582
7c9710c7408da69064ac87282d478ec293db2730c026588242b1e26f205856f3,1.0,0.1713,5293.71,1,0.0,122,-0.566,84266,823
276345867f41742c8ab245528eb14dd2e5831940255a078fb2b3ef0f505ff0e2,0.8808,0.2547,151.3,2,0.3468,126,0.5973,110126,735
42f23dbf2bd90836763347f078e8b49f1b719bf50804d7f9125349c991a32038,0.663,0.6786,310.88,3,0.3505,67,1.0991,13748,565
51cd97341dfffdb5586b7c419986e1bfb01baf5b3dd4169bdd01e0d364d7709f,0.9677,0.227,11609.55,2,0.0907,101,0.5505,106767,844
c8b4824d8999b42ef8ea0ca88a5a8cbbe24d4a80c1bd4e887d9b78056f71f6be,0.8238,0.224,11159.58,1,0.2012,110,-0.3018,67857,739
a3f66b1c99cc1595acaf7ef7e5bda1fc7c5c2a9712ca1f31ecee48e537a06499,0.557,0.801,-5737.98,3,0.4839,65,1.9786,44638,394
fa978c505392d7451c9e9ce094ead2096ebc769c16d3df4cd8a24b4ce585be2e,0.843,0.3455,8912.93,1,0.2545,86,1.4686,51751,633
a5ecde381c7d646247db0aeaceccac1c886c190a96565a6ca93d59274704c0b6,0.9743,0.1639,2227.19,1,0.0431,141,-0.1981,93164,801
aa61ca420dac23fc2cc78659d5e1ec704ddf415dead3498d88bda6be3f17ec1d,0.6799,0.532,-2577.88,4,0.3675,54,2.9305,26655,456
48962630d2a82208f23120631aca5c79bf72bb23377eb8f66c2bf372a140a71e,0.5791,0.686,-5579.34,1,0.617,23,2.231,20377,391
ee9d7aaf9e280d558beb12317f0370b150c7dbe535817b57f534f1b604b9c7f7,0.8102,0.3704,7751.42,1,0.0633,90,0.7696,97019,668
c3b61544c3a993877f1279101a2e6da4c08beae91a12e09f37bb0fefa83d73b1,0.4876,0.6833,2027.13,2,0.65,48,2.8261,35086,484
5322f9eb2195b5e97e6981a640c7c0f860aa015a792b69e376bfa6f1b5db0343,0.8825,0.051,10994.96,1,0.154,132,-0.8834,121693,798
e72fcdabc6ab00d6736377aa79ae07330597176ce803826748bf5d9005cb0e17,0.7546,0.5368,-2559.87,8,0.4042,36,0.3828,48835,540
6f003082d128809a24c7ff4afad6aaf36ae777c85dea8c62c26170ee2e4bed44,0.7454,0.2823,7276.02,2,0.0388,94,0.1646,94046,657
b7459adb97da85dbf174dce1ce703a2ab6e96dadbb48c1a1a39b08c465b2eb71,0.7633,0.5109,4915.72,3,0.1852,75,1.229,40353,612
2c9e689a0f08c230d5d3ef6db7efc17240e26fb0fedb354e63ffd0fff880e8a2,0.7461,0.4509,-3137.17,1,0.4639,59,0.3198,52377,573
08a89dd318b6d1f96d5a63af0f49a82d97a0852059fed147b56807f3bdd3fe40,0.9996,0.1135,1583.3,1,0.5038,140,0.2417,80141,829
5618fc97d11971e855ad822348c1c133e2a539ea3f5447af6fcc3cc6e7efa9b5,0.606,0.6174,2157.81,4,0.5577,29,1.9546,64632,543
2967175e04029f0da0437a3e5a9119a909eded4ac5d8636443bd7c10e454ce4c,0.5004,0.6811,-4564.19,3,0.6646,1,3.312,27984,407
3f9ae7f7de80cff33dd5e83572b9f324b24cf709d280c73fc175173e634d0e67,0.8316,0.4336,1170.97,1,0.2514,108,1.0174,42153,687
5d1c94cf63a1b32fba8d1ec6ad7e89e9f5ffe0f6fac88f8561232ed0b19ee90d,0.98,0.1526,8249.48,1,0.0,94,-0.0928,74342,771
e57dd04034b481358caaa1d32697f20a9d8d3edd8eb4889932ac3b60846ee2a3,0.8358,0.307,6396.98,2,0.2873,55,1.1186,59769,700
ee8514724aeee9825cf0c6132cd8b88aa48e7d38c4d02ebbc444f2fe7c5c4767,0.9825,0.2452,7653.91,4,0.0,133,0.189,102823,756
e2a56e4b85447c2be40f2e52b651b88862211becc4dc60c71ce411890d7d2029,0.5182,0.6381,-7910.45,3,0.4091,29,1.9209,41384,457
bd2f189e88281d852ba29722a7ed66ca3115a95f499ec0ecb99ca4127fdcd0f9,0.8735,0.1824,11679.93,5,0.0317,109,-0.277,74284,669
948529e45f2ca500660af0f47ac53c29b51b75ca13a7901a4773265ffa395965,0.7767,0.4765,5644.53,2,0.3923,64,0.6889,52475,615
d4cb8907efb350d460f397bd5c85716b4e3e261e4c29964a8c0a5d83c6f3c672,0.5744,0.5798,-3173.34,4,0.4809,6,1.9134,45854,418
547c6e8c37a6bd18fc0729ca588e41dc819195ff1da4f337f567a61a76168bf0,0.7648,0.4,800.23,5,0.3427,41,1.2504,38713,572
e2e5f0c8e7e12a61c9469c5c198a5b60c363d431277675b66c1f046c63990d37,0.9394,0.2622,9038.07,0,0.0801,110,-1.1595,95982,801
fe47e2e0bf581d75ad97bc553bceeff0c383f737cd16f0acca87ec8ca07153a9,0.902,0.3344,2487.78,1,0.0524,73,0.2149,83596,743
b102a5b5a0d9c2e89a91c2bf61e996a09d4bf4dc9305500ac9828e9d848174be,0.614,0.5537,-902.49,3,0.4077,43,1.8884,32571,452
5519cff711734333d0f094843eff51d1c606616d65e7ae2c97b3ade210032ed4,0.7813,0.383,-1118.72,1,0.223,65,1.1991,67957,635
c56e4b3b398cc5228d63211be53f5ddd1fe1b7598c7c48ff67188c4a89fb5afe,0.9303,0.081,8647.22,0,0.0,126,0.5416,95445,792
36c3c6b2b93619a0817cf957338802ab81cc592453c55d8b1e72ae0f015455fd,0.8288,0.4376,2304.05,0,0.1172,101,0.4309,85113,717
d475ee4c8cbff6132c39f32572344b4bc75e07348953cd6a6a4991d6ecc53d81,0.9349,0.3493,2857.31,1,0.0434,109,-0.1971,59783,753
af8de8bd6230ca508c37e880b9cff446de92bd1fdf2dad4e53864ead329d523d,0.8979,0.2538,10920.25,0,0.2184,109,-0.6057,87793,726
b3f723ac4f09f78429c7459783184151258db7aabe0d41e98929e265fa43e129,0.7616,0.4083,4558.95,3,0.2908,80,0.9673,85432,646
83b6509ac82c5168cb353d5d41fcd5b2dd5035c63614333452a63c246e8af2f5,0.6055,0.5565,-1484.09,5,0.3549,38,1.4867,40247,438
987dd5049ccedaafa87186c33fa6015a4a30212b7047d0a42733e36a3f848664,0.7593,0.217,305.14,3,0.1168,107,0.6656,89494,758
9ccb3e033c74f203f8d109a1a4d4227ec282a4362de78a0af9fa790b16b59f7f,0.9295,0.1669,6955.96,0,0.2357,73,0.4493,91668,775
109eb42de2c67be9beb600f950a60a6715adf1c5a71e91eefbeac4263b166f34,0.8614,0.3975,5784.57,3,0.1259,100,-0.1522,83508,635
e95a9bf9113977a0781527c77fb57e7ba962ed304a7bcbf25af0b95e8c2866ae,0.8773,0.2552,7089.59,2,0.1824,107,0.4755,82350,751
949e2b0be526cbcb20089690c0cd517ecc9a78db7bd6f39bd400b8638894dee0,0.9595,0.1848,2146.55,1,0.0662,132,0.4246,75360,790
96fb1259c4e2c41eef312ef4db267206478fb7eddd42e059f977dcb7b207ac10,0.7686,0.2191,8203.56,2,0.206,86,0.4931,99408,725
6fa1b9f66fab895f776933eb59d2cbc3d04850cf61acc8c5292ae43862d5685f,0.9278,0.1606,9520.6,1,0.0927,113,-1.2324,67066,837
99ba872a609a0eb39527bd1b32e857572c60bfcb92ff22b244c66f3d2097d00f,0.9499,0.1701,11841.35,0,0.0373,94,-0.5248,93522,750
3cea37ff4d0386e6d69f414d503cf62cc372715c8688a6dc906ede74f5460f04,0.653,0.5843,-3075.01,2,0.451,58,1.0818,34986,473
011fa48d47626033df264886b3855a674556e3810f52f89c0908c7f3129baec2,0.8966,0.3307,-1273.21,4,0.19,67,0.6711,69027,679
ca0ec7324c1d907975b87579582cd584f5e6a19f71f9897b9ab459be98c0caf5,0.7901,0.412,1029.04,1,0.2301,65,0.9028,70683,641
76dbec128e15187de1ca06dcaf56cb372a3982b795511d90b44b300de40a213b,0.9046,0.2379,4093.94,1,0.0,121,-1.326,75414,736
45c053fe66ddb6380289a9582800a46c9ed13e051810c76f4c787890acedfe02,0.8681,0.0971,10251.14,1,0.2027,103,-0.2586,97235,806
1254aa37a581637a36ceaa4c6749c188b239b15cb2333214f1e7f6109da68b59,0.9117,0.1294,-492.97,0,0.2004,94,0.3689,88357,775
61b65188adcdc9f1ef91dba08b89f7db4fe1cb5cea1ba3aac5c73c5aa9956866,0.6718,0.5031,700.3,5,0.2138,86,1.1649,48315,614
5eb9841c707084da4102dff34b78fc08ba4320cb203a8bd8f4bab5f70f95da72,0.632,0.6036,6008.27,4,0.3007,84,1.227,75970,556
2def0f62f4385dd062d8177ca28d2e80ad9e1024348d146f25b856b8bb0e5590,0.5698,0.6384,-1255.23,5,0.4286,56,1.5729,42928,538
95807b987d77c815b209da1aa967d01a627721fe8581945671158e49910f9e48,1.0,0.1638,10616.77,0,0.0,132,-0.615,98410,723
9d4a2f13cb1518590d794a882e4e96080444dc0e29e4187893bc024cf08e0e89,0.9341,0.1912,3503.87,0,0.0,114,-0.1944,112871,750
31fd4e36c08c1ee90144176ad62dfaccbf6fd894091ff806a05309d60f105710,0.9629,0.0763,3752.42,0,0.0,116,-0.1856,113314,854
feae7505ce535bb59da24a521f515b51c057b85fd521fca9f2adff59cc5bf492,0.7603,0.5044,7890.1,2,0.2212,67,1.092,74448,650
e54f029e72dc651857a543719aa38017d66059620aadbd723b5085e675a220ff,0.849,0.201,8459.81,1,0.0,120,0.217,85626,798
a12a23df859774c08b6ebde72eb50f03deef83e87725245168dc30ece8f64ab3,0.8626,0.3044,4782.28,2,0.2388,77,0.6484,49074,678
e8a90879fdddb905719a1999807c014842d0f34e66e70c13673206940e56c0cb,0.5795,0.5232,-2709.84,2,0.4905,48,1.9185,53204,555
a0420533f5ff5e30bad48bd73445722e4f519d0d446e16fcbd9ff526ae67745d,0.855,0.2221,6783.32,0,0.225,115,0.0163,97650,741
99e1aea6689fa13f0a46d365df5c39643fb5eebfe013f144b28008155d0b53d4,0.946,0.2766,5025.49,0,0.0488,143,-0.9147,97119,769
bb3f9f56cb52c1964a48b3dfffe8ae8a9dfc95b91b2ecd5ce5c7e0571fe7c4af,0.6016,0.6577,1263.5,4,0.3078,41,2.1979,8000,464
15b19c3cf1591b22bd80f25d8b2c990b94d607bdf710b2f59aa7f7e4f710fe23,0.6361,0.571,8356.34,3,0.4647,89,1.5286,60639,542
109ea9bcc4addc4a0350d298138493af1f66d5f2c964cc879e5892e8d895dc1b,0.5455,0.6536,573.5,2,0.4498,30,1.9241,55954,530
d8e1808af230ae6de412a9ba5fcf6150fc95da1291949f1a85796aca55011758,0.8741,0.161,5518.34,1,0.1455,74,-0.6169,81738,817
b33bdd051e3eff8e8cd44a3e6f3679e98a560f011cf8a0d6d2394500527932f2,0.9059,0.1949,697.93,1,0.2617,132,0.7356,105752,803
6a08a7ad76da480bb1aee704211f9965c68a1518e0b4b31e715b91caccdb2a44,0.8528,0.2739,1691.63,1,0.0477,90,0.5062,92059,704
22ed0cc9a640a90a0cf6daa79935b609b75af07cdf18cef55adf9bd033baa22b,0.653,0.5293,2800.84,7,0.1871,31,1.7288,26444,507
43e7752e000bb3c79536f62df249b0e54c222a6ce0951a1c8a5c13a2d8ece2f8,0.82,0.2873,3331.85,0,0.0379,67,-0.2516,99973,700
39bde9a2dd080f19c073483ede856ccccb6678ab89786b57d951f4a8a5a85768,0.8323,0.3521,3406.07,2,0.2679,70,1.1349,51753,677
18d870308fc2950803f4bea0b3eab91563aba051dce8445b6378da3164a8ab6b,1.0,0.1142,11884.5,0,0.006,101,-1.0346,98706,839
e0474a1245edc6c243b881bb68945a411fe55b2ff6b0b09bffe7897d9f795a69,0.9342,0.2622,11033.3,0,0.015,96,1.3134,79439,723
79f8f4b642ad3c43dc8ea6f3de65d443b2900ba7506fd6e8f6491103ecb0ac88,0.716,0.5091,1080.08,1,0.1909,57,0.8576,43238,595
5adf06e8de1d68ef72b6b3b00640537c78ff26758a885f2333caf47244b513b9,1.0,0.261,7629.1,0,0.0108,124,0.5916,98386,818
a788124edbb731fa828b5a4b355d73969862e8963d3eed33aaf377664eb1932b,0.9145,0.1133,7908.29,1,0.0,138,-0.1309,107353,788
7989fcc78de103f9fcb426452643be195b71ee21751032a6bf8fb4e3c1ed2673,0.9587,0.1609,6225.31,1,0.1277,130,0.6687,108626,762
f8727d19d337efb54f60432707b6f49b7a9d31500d483b15636ae67906d8cdc6,0.7811,0.3546,3964.55,1,0.1314,65,-0.0046,87847,700
1813d295e5a75ca67e01d026ab54a7dd41a5d219ee135c120b26dab6690d7341,0.5492,0.585,1667.69,3,0.32,67,1.423,23532,507
9f4e2eb667610ed96111c318368ca4908727f636bf5dcf4a8ad136a546296026,0.9275,0.2647,7813.25,0,0.0339,112,0.4509,65333,752
9f243efc884423d8b3365055e5566ee9ef883b3a64295604f733dd338d60bc5a,0.6552,0.8332,5403.23,2,0.466,42,2.0294,43870,480
49b548c3e81b509c201b892bd0f5adfebe22d779858ff7df4ad731f8cb6b589c,1.0,0.1803,10647.73,0,0.031,126,0.1841,95919,883
9a951351b180f0deb0d11f344be30b649f85e1683f51a929bf05f55eb3ee3464,0.6384,0.66,3392.03,2,0.4227,55,1.2685,38867,506
8de04fde5f5e29d1bf593ce450a3f6252016c1c53ccb501a38b951738b6af49b,0.5945,0.7475,-7614.56,5,0.594,2,2.4225,51776,306
359f68fdda309fd354ea61dec08063b88a39a1b250911295d2a4f6c1d5c25c7e,0.9421,0.0694,10529.73,1,0.0346,119,0.3333,96010,856
41b9e55dd4ce9b440018f761b14ef286a63fc8a35aaf2aaabc6a6ed85a998266,0.8189,0.3579,1766.21,1,0.1393,107,0.3603,75790,661
017474616ce04acfe63f48e430da4a3b3192f0c147b374a1be11c25824f51bc1,0.7892,0.4936,3971.85,0,0.2155,60,1.2292,76341,605
c45dab0ada58dc79bae8d147a18765a15edd7108e7bffc49c52c7b7b0ac859af,0.9923,0.2636,9257.21,1,0.0729,88,-0.0479,85846,743
868f17788010f3e5a04ef638edaf231ebcf22e60fc78872785fa1b3369dcc854,0.9249,0.2153,8370.89,0,0.2777,116,-0.0413,129379,762
51b9540609566b94b06edc40e3f7310338912603fa19ba5fa13fe9b57182e774,0.521,0.7077,3832.73,7,0.4007,2,2.2201,14485,461
b5667596f5659031e6384290dafbe8167b2c36f87393617110af4d78d9d6ff60,0.7725,0.2837,9706.84,1,0.1412,60,0.0213,66497,698
1f4e758c8ed8b6eb2deb8fbacfdde077ed288152e642a8e519d2b0b7290c7173,0.7665,0.5212,4198.1,1,0.3832,50,1.2364,36078,486
cf1ba53cd5f1e3bf8c43a860016e68158078daef5be5719232c66acd6cb0d6f5,0.9775,0.2189,10987.22,0,0.0219,150,-0.1664,116476,816
b2f155444ed4ffbffd1bfc0889f7f54b302cb036719a2f0547aee486b8a2088a,0.7406,0.5621,6829.83,1,0.4458,63,1.1407,66909,604
f011048ffbd3719c092a9ef8555bdabbf2054f3de231f5a29c93a8cbe7d5bde7,0.999,0.2391,984.14,0,0.1573,97,1.2274,66744,697
135aa8d56899ca6764178e17981875ef08c361ecbbfbf90d99f23dd7fd0d3b46,0.9931,0.1934,13416.88,0,0.0043,83,0.1438,83340,799
2be782cadfb04d9ea1e7bdd52be283cd1d931f053b43931a0486e10d6b8b195b,0.7599,0.293,1775.38,1,0.2915,98,0.6952,92768,645
c3f38bf29810cf7a37bdc250e791b143fbf29097859774fa7e1f44cff61a9972,0.9503,0.1934,7108.69,0,0.229,124,-0.6419,99034,782
e8ea4a933dc47e9883b9a4205ca560340bc99479778fea99118d94eccdd3e0c3,0.4782,0.747,-2508.61,3,0.7085,5,1.9265,45461,422
378b78eefb5e9371a0a1aedbe6f31d31833d445e8c9549cddaaf0d68b86608a1,0.8753,0.3721,10553.86,2,0.1122,110,1.1161,82320,742
4c06360c65d824162034c69a8359e4fcdbc72cd9223b240f83210be1d59a3da3,0.6429,0.5383,-3570.43,1,0.3994,54,1.017,53754,462
fb5ac14924bb1561cd080489a02b8c2f27e932defbe356c7f087ab2b71b13c2d,0.9472,0.1472,7758.0,0,0.0328,105,-0.3022,100746,838
7bac69bf96b07186aa0cadafd095568a0b4491b451b8bd1ad81f7c31c2062c81,0.7889,0.3465,6050.2,0,0.1844,104,0.529,68012,712
4996f19617192f7f3c8d057876d20831b5a26230096ca27879d1de921c1acbba,0.7174,0.5372,-1424.92,3,0.3499,69,1.5175,39886,474
211ab044ca1dd507279fead5ba64dcc1b7f35397359f45d127c95389df3141e9,0.7421,0.4762,4375.93,3,0.4211,61,0.6361,38575,546
6aed1748862b528425e3531e573e3e9a82d867c14d81d0d7c9c6e4824c091644,0.9504,0.1323,19157.6,0,0.0667,105,-0.6624,101277,779
0ceb1edb0ba59b5b2bc3be715a1674bec91891df832857329e9fe0a11cadb088,0.8409,0.3347,5348.32,4,0.2319,81,0.4087,79900,685
880be7a651ce5ffaa063f97130ae785f89de3da50119f7903915afdcef9d2dc7,0.7446,0.4553,-573.75,3,0.2076,82,0.8189,70222,578
137aa2cbc0ffdc5461998d548220f83a554a49187d846232449fed55cf6e028c,0.9691,0.2515,4771.3,0,0.0598,96,0.4317,102855,819
9a91bcb6ecec36f5f89a4f3b2c5b674d2346946aab8f8bbaba4fa6c45d0b1c81,0.7865,0.399,1591.95,2,0.108,84,0.9819,58437,609
b72b212244b5085388a67a28e0a8b85981b2ab1dd9fa9a081a35c740fb1cebc5,0.721,0.5453,-1392.85,3,0.2847,49,0.9525,77561,574
c80693043f922eb1f188b4d0ff9982a80ed23096a93d1f4198715ac5171a9c52,0.6859,0.6118,974.77,2,0.3608,53,1.6391,57769,488
f37d649d109f72ac8e990cdd6c76c1e02016f1a8aa472d990a6f6e0956681ef6,0.802,0.3182,4286.47,4,0.3115,64,1.2479,83123,608
fb68442512bdc8e512c82a2513d35c0add572326cf25aa4ae0b76dac71aadc89,0.8086,0.4209,2624.98,0,0.4274,72,0.5248,89846,685
b5c3c4f9ee5c28e201608daad674147cabfcc469c3a4f721cf41fc11ef173640,0.9257,0.0755,14057.28,0,0.1331,147,0.3305,87995,829
7e62b6ac5e63583641d531dfd6b71e879125137b278765559341912daa4684c9,0.9139,0.3779,2915.56,0,0.34,64,-0.16,79801,650
51bae07f710a88c989fdf59448048f99a8bd704f8e3e48a5944b598154c802d3,0.8252,0.2707,5113.4,1,0.2457,105,0.9913,87467,692
