hashed_customer_id,claims_frequency_24m,claim_rejection_fraud_flag,premium_lapse_count,policy_renewal_consistency,active_policies_held,sum_assured_inr,customer_age
6df219487765a6fc8aa12423d240ccff820c5b93ce8b04248b1c58d619c0af85,5,0,1,0.6305,3,1117405,44
a2c032df0f9b5c8fa7efdebab712292e99d76070bdcc985e5afb1a672b5cb46c,2,1,2,0.7323,2,1433655,21
2cb0018e151b345165363bde37e8f58a33e6eca91406bbcf9c16a258c4527e28,2,0,0,0.7591,5,2928274,58
383056df154d2d6100aa7b39829846f1b9c6d262abb9fbfcd13df5804173adbd,3,1,1,0.5271,2,696704,58
1f743bd3819e573e17ff64b5b50e148a484721178cf482e635f395cb2a99ce65,1,0,2,0.6767,2,1785275,52
a74de8ead7c45b7720736c770048141e0c699a388cdd750b477741cc011da478,0,0,0,1.0,6,3502211,39
4955369e5f087b73d4ad49d6b7f7f2d19cbb074f3ede9c6cae9152575c3c4155,1,0,0,0.7486,3,3038730,59
bee35f8e1ac6242f3c12e0c794f8608bba9ed32ead270685ad134042a09e6e58,2,1,5,0.658,2,1694428,56
8a8789f9db66e1cf409d6e5d9a5e0e5103ed9493e4f1487dbd5c125161d76ee9,1,0,2,0.7789,5,3119919,33
ce9410875fa331a99bf5857015efdf7eb611b9aa3c6a1d0aa1ee3758e118088d,3,1,4,0.5485,1,1819485,57
1067535af16c5cb218ca9a717111f651b86282954a814cde8ce680cba61457ba,6,0,0,0.7796,4,2062144,29
1781ba1f7bfa76c637449dd5a44f42d7c6fac617b673e74d24111090f578d036,2,0,1,0.9322,1,2348340,37
b1c2c00a6b36d001cff101f1faef5514e216738637bb28ce07235911f5d941b0,0,0,1,0.4559,1,1213660,21
1af5b28e8e6687d0116cd7ae31b242c22ac58c06a9aa6eca6b16a21c88525523,2,1,1,0.7445,0,401346,41
78bd6cd3a7826dd6e45318c69616fa1b82028fb125f390bb08cd0ebc42fee476,2,0,1,0.7813,1,1751471,36
c886c7b50950dde26bb2b7cad2f4b213c82280f5a0574cf699e140eaf6b33a21,0,0,0,0.9595,4,3281507,34
9c368a3b963be2d25a94fe6ef6affb13538d1c3a961adfbf7648aa55fc471d4b,3,0,0,0.881,4,3366477,38
a82ac41143304d226064a925d6295638dbc73920021ca636d574776d50718184,1,0,1,0.7049,1,1613080,33
1b29c7bc135b1fa7861104438a258665bd871282f0d4da224287f7c650edd246,2,0,0,0.6572,3,1882412,40
d51b02b8a4402c44d70ae18885160294ac275e47e4593f26658787286eb09155,1,1,0,0.889,1,2582821,55
580e1293ff5e53d1adea0285d0c0dad15fccdbad291eac32c6d7b40f39272819,4,0,0,0.7909,4,2655052,27
d637cb78362841278d4c96b235d68855f5d31e228699060b740f26bd2de79d2b,2,0,1,0.9193,4,2973181,50
0da8909f0cae30533111ced1d98a8ac9577696a8c47710b827632864a6ee8bdc,0,1,0,0.8723,2,3257428,42
8d17c33e4651391707365c4235b38302b7bc51a624e8747825edcbd2c84b29ca,2,0,0,0.9407,1,3569662,44
9b8d3a7910daa693c501688ead7b71080b8542201ec5310ef99a920c03cdd8b0,3,0,0,0.8005,3,2609597,39
429839babfee9ff9fadac242f8e209c63a061ecf40561816f8a71c1372cfa5f4,3,0,0,0.6747,4,3596206,31
cbbb04947aae9ec997d2c944b2e9f20bcd022fc359c52f0b51078ac554b213ab,4,0,1,0.8353,1,2465831,45
0d939fc7e40713da654a40b41c6fa7b493892a79c6f7d89a63926f52d282e9d4,1,0,0,0.7845,4,2914836,46
3f457bcab95c0a3bf245ff696e703af2b576286060bcbf8f611c3fc1854bf4c1,0,0,0,0.7817,6,2823040,30
413e6cd2c08697a46e5704ebf0705f589d07cd570c47befdaf6a673e6596c574,2,0,0,0.9206,5,3120268,23
c2177070eaff469da83c667af63671e3cebf5b6e0660fed66319ea82ad907c5a,0,1,2,0.9146,2,1666622,41
20b9d1c11cf252554b69cee7761c8a7179308d80f636ff34e6392dcca84a55f5,1,0,2,0.7989,3,2262134,49
323830cfbbc376cee1b9d208c2d0cc0ea9f1645f9407a1c4c6a5edd874bbeea6,7,1,1,0.7501,1,1502894,52
1f71639c7517cd7390c6382edc060cde0ba68120df6620d233b9d770e1502993,1,0,0,1.0,7,2895047,54
df5c3530463745590c3659d3cb34ac99d2cd90ab9683e34fae24a975113d2f82,0,1,1,0.9178,3,2554072,44
f01cb04da13dd8b38a929bdf09370646ba30d6fe3ff6e60ba1961c63c3ce761d,3,0,1,1.0,4,3999585,36
c41cebd14b6275be7ce33cfff993a78ff21c936c3e1f663df06ab885747babb7,2,0,1,0.6176,2,1173227,39
dd0254b57bd2198383ccfdc2acd56c07b1f1d8131d135287d19d34729985438f,1,0,2,0.7954,0,2698327,25
e3f1616dbaafe28caefb0a9c3de63ba3f7112fdc77419fc78f1531990a641e08,1,0,0,1.0,7,3528452,31
3c40c15702347762d6c4ef5cfc0a0343069f98df55236abb0eea4d15001f951b,0,0,0,1.0,3,2763284,39
c776b12973e6fb1752abde2feb39d8f1c2bc7f4ef768381307f0c96f0bbadfe7,4,0,1,0.9538,2,1884592,36
d03e340175c43ed08c86c71f4a5a4df3adfce6afbdebe3e069c346209b155eff,4,0,3,0.8836,3,2347867,41
c6fd2bc9dc840d83a697a7b42143d692a952f62bf4a0654ca03bb35feeee7cf6,2,1,3,0.9102,2,2155062,23
5903fcef7f7c4ce91ef328afeb1b5f1bea12c568d26fc9aa97d3055a1aa81582,2,0,5,0.7898,1,1908836,26
f806282497c66537ce3ef97faa7d1c1f5d95debbf371d6217e9c79796107ccbd,1,0,0,1.0,2,4177169,49
6904ffff57b83fb90bed2f69f77220ad3b81fb78d471b52a9db567c10c9a37ae,2,0,2,0.8877,3,2378216,29
71eb506ba8399d0297083baf21bf046f8da8dc2b94f5366d88634dacb24526c6,1,0,1,0.7819,2,2772285,31
16151d6862a9474a2d6822cf48a12c2e2386c39a365834adcbaca804b331649c,2,0,3,0.6704,0,2539600,41
1808b25cd9c752cb673f07e6b22439079fa38cec157f386d8be10846a3276bf0,1,0,1,0.8073,7,3639781,28
8706cbfb0618ca8fa065ba60fe4be040e5b2566cd96f7752e868aaa0b7182be6,6,1,1,0.5185,3,967454,53
f91cdee17598c5b5423f0724de6c9dca133321a174c5027079021c9fb7751b15,0,0,1,0.8857,4,2920358,24
6f5249e01ff224489b51d4665fafb266b602e6a6f686e0279068e31a04646953,3,1,6,0.5505,1,866571,40
f6e6725b18ea7f28ce47ed8944a5f6f9f6eec2651b0f9f747edaea777bdf2d1e,0,1,2,1.0,3,2809567,31
6c50e5127de4378b8e9c6863641b5bb0dce42e8a24257bfa1fdc4cf30333843b,3,0,1,0.6181,2,1712297,41
9ff7e3c5bc05b66f312bdf166327466750b051ad589efc0784af6d0126a6ca90,3,0,3,0.801,4,2373807,34
dc72eef4baaf426bf7596bc8f44484854ce1d5d5eefe5466490863e1c203315e,1,0,0,0.7337,6,3757969,39
d14e00a8cb9a06045346d001f17d4fe96fa5e27e8a8ac5d2a6e2eee5001a5f71,1,0,0,0.7556,3,2754918,54
a84cebccfdbd040f7d602b4326b1ca0d75cbd328e20ecd7b5f28fc6aa93bfb90,0,0,0,0.7449,1,3031178,31
b9d1bdcd7d7b7cffa46a691ce986f9bbc6396ce192cd7a53907f7afaef2d6016,1,0,0,1.0,4,3279255,31
dc55a993b8c61bbc5aab3d6def71ffe06dc2559f0057d9c43cc2c58d515c886b,2,0,3,0.6694,1,1635270,36
5738310ab8647909de75c6dd41ac6cd31c036881575ee9db1ac725704643a947,3,0,4,0.6788,2,1978591,57
b822299ed4f1f07a9cd6c534eed19f6a0b1d491f9f7083350f312512a1044258,4,0,0,0.9082,3,1492919,38
7ede2a767d98b17625ddccd0d82abc32a67dc6c57e36f23390c0b3c048c3abd9,1,0,0,0.9936,4,3236931,54
ac95c38b666b4c3203acc7c4ba0e6e86b1a436c1de2c7df5004967d1460d252f,1,0,2,0.8735,4,2638220,37
2a18263461506554fa183472b68fad473a1027c880c5c9435837413aece0d165,0,0,0,1.0,4,4032655,54
9adcbc7c7ef6eeb6c597e75739c26c86edf05458717469d5820c5b5894266623,1,0,2,0.9683,7,2687815,44
1e094a04e76cdae6279dd789873d09d739a2665d602e061dbdee0797d7e42236,3,0,0,0.8729,3,2176006,46
83965cd78c5f0e689d2335e8ee3ed16030c787d9a57af55b0e7b3546c72bfc94,2,0,4,0.6902,3,3346920,22
a6ff3bf36bd4c3aea2c51ba4c4492de955911f54abbfd740b9739309d24c384f,3,0,4,0.6252,1,100000,21
aea7029eb6b7d7ca9ead46e5085e770c2e68282d7d118f8cc1c73f22ca528a07,6,1,1,0.8023,5,2079710,52
6a2b3018b4ddeaf8615d85a5d95add86ea7bfc2140423222a2e400c20721ae5d,2,0,2,0.9048,2,2334920,52
d05a712d45c23133410d96aeb45ce849cc42215994fced0411f975b08f82216b,3,1,4,0.5381,1,1473194,69
994e6e4094fa2477bb3fd7958485f6a2ffc09a1c2cf1514a5ec833314436011f,0,0,0,0.8696,2,3405451,22
91facc841a358511f92e2f5fad40d1858ce7be10e3be23adc89182a48ec2eeae,0,0,2,0.8887,3,2652147,45
f11af92771f3e4abd8e48d93d45f20d51c7c0aa35660d7d3bce0991876069243,3,0,0,0.879,1,3590832,27
95f47775ba8785ad57df5f3f03cf243d722bfaa9a269bdab447f3a9597513cb5,2,1,1,0.3175,0,515649,31
3caec7fb50a41ed8f364db2ace537c2eacc299291267e17d999439fa78225ce0,2,0,0,0.9349,0,2261234,33
9c36acb87d934d8bd75d49d8f36a52295ce39efaa4901ea93c5b01313d74c97a,2,0,1,0.9478,2,2626795,44
58f4071618d7afa9d02d020e16ca7bec489797784441418c0ed7a925e0f9bd21,5,0,0,0.8501,3,2164406,32
31bd278ddfd22128460f8d752f444dd03bd2c4ec6b2d2e921b13e630d0fe1526,0,0,1,1.0,3,2997123,40
048ffc66456be58d7a0425233d12f924ea83aeb3fe6a04e667e64bfa8fa8eb11,4,0,3,0.7548,3,2367622,49
7f276d018d26ced67537be1ebf319cfb748ccf4d6824ec2ed116a9d5c6292f5b,4,0,1,0.557,2,1614771,53
4b64d34fad88396ea5a6f2e98d69cc0897770261a7fd1dbeee7f7f4fb5e5ceab,0,0,0,0.9986,6,3981265,48
b1809b6c0f1c74192befc05b8c6016b324793b9ff1b19a43eb76e687b241aeb5,3,1,2,0.8216,2,2099086,45
4426940ec6db635ac94ce9a2353b588f43adb7bfdac64b2f03b1432dd4383c64,1,0,1,0.6777,3,2174449,38
096695ff33a0d0e726a27cfb324ed27e40a5667cfd67fb796c1bcd6488007e5f,0,0,0,0.9687,1,3356273,33
ac230d159e2a5a5e06cebf9e6584a6220e616b2d27237d1f982d52c9b0ce9f63,4,0,0,0.7246,1,2733982,46
de6fdb144186655d300d4426ffa11550a49fc2b6b17c70fef28c5b8689f9e585,5,0,3,0.6157,2,2644986,27
a7510e4b6a5b5495b68da2185d3b3b874b5d736b77f9e65f6a0532b22c818251,0,0,2,0.9569,4,2064930,41
4bc554ab0a2000b9dd01c700e2a20897f8fb2a09fcc1b52e1df1e1f08c8d997b,1,0,1,0.7862,2,3279548,27
c524ae56fbc0c78409187cc081620ddd5f6c67d587d11e805d492f33edd9a0fa,4,0,2,0.5407,2,257253,39
cfe16ca67790c17f045192993fab67fb3f3b4c85782e731916b2fd5a413af9ec,1,0,1,1.0,7,3291549,27
cd952f86fc9c0578bd219051bfe5164eb0291b66669c02948cf2e8b9f9434330,2,0,2,0.68,2,105335,35
ccd90ef4bd8f1d92098f08edb800829030ef633680e89bf317454e00f7d004b7,1,0,1,0.8225,2,2270646,31
0b10e91996d9c86e23295335b2b4b0de8fd83dc05bf03bb0dd07cbe2809d9def,1,0,0,0.9146,3,2686021,30
2f2f688c3f47a2831542953147c0b9f6aaf241d109aa75e6cb40185e29f83b13,4,0,2,0.558,1,1076037,38
e1b7114679ef4b89e66ad536e11ce2ee7018b61ceb89ae3ba2bb8b695b8b7119,4,0,2,0.8582,2,2039529,21
6cc369424be7ff7cc0c6bd90da70594b9e3786155ea9fa2ee4850418202896a4,2,0,4,0.6205,5,3048942,21
a1c0c47c81cf77f784cd8013cd1f8f4fa5ebd57a449666b26315cdfeca0d6768,0,0,0,0.8395,4,3128706,49
56d84c3fb1ac2aaacaa4c982f5184fe93c22e9465f49960b90bd6ffba9de0712,4,0,1,0.7825,4,2153270,41
b375fd5fe975435bf1c9dea90281dbe20440bf08533334725344be7eb8107e00,0,0,0,0.784,6,3293170,31
32d27cf80fd003b1a91d5b70902e87da43f1404336927210612635440a868093,3,0,3,0.7024,0,2605544,51
3d28e46bcf75e0adb6fdecf1c673c8cc409949bd799c77d212015ad8f369d13a,3,0,0,0.7754,7,2275253,32
1c2b7773785e843436d2eced07ffcacbc4c6690a0d57ed72b7b349e0c685eac2,0,0,1,0.86,0,3229958,33
d53c9382a9a937dd4cce20b6ab6489e396f9348fb11431a54cf8801553d496f9,4,0,1,0.4237,2,334442,30
90d7cfc67b8eca0056794df223138db5b8835baf9c2821282fba1e4a0528e274,1,0,1,0.9721,6,1896712,62
ceb91bb92c0fd29ad24bdfd64f9a0099025e674242118e19fb6d3e89485c863d,0,0,0,1.0,4,3475391,42
e16d0825c2e2867d4645f0bef203cd2a195bc3576b46b796a5df3a7dfe445617,5,0,1,0.7143,4,1280556,42
5a179efa699037e46be807408c24ed65bbb6d771422c9266889ed832c8d42796,2,0,0,1.0,6,3729886,45
9c358da304dd6750a5c4a5e173f8e20c2347be26188a6c2a713d46b623067fd3,4,1,0,0.7327,2,1418450,21
7241700891336b9cb37daae6ffb9c561d103add3df76e0a00bfad74203071a99,3,0,0,0.8288,3,2556447,32
5171eeaef7c3ad22b7e8c7f0cf4924f718d97bcb98b168350c76b01325ec55c1,2,0,2,0.8347,2,2885857,45
13b43df0251e2eb9b99c9ce9ab6aec9e58302b0eacb556ee513a96eddeb52af2,6,0,0,0.632,5,1597029,39
3dfb18ca904a1c2a9ed5f840c7febc189aa466705720e9d5c439fd5618842a08,2,1,0,0.9251,4,2838021,66
015b62bd411b5f60a9a42167cc0f461c340ee9e08373e145b5a5fb0d7bcde8db,1,1,3,0.6527,3,2082239,33
8f55840a771c81ed46d849098e51975508d5125a9a0a4c53bae1b391ee53c0d7,0,0,2,0.9363,2,3150827,51
4375c6fd247b4611753bba8efef8a8baaad0617183b98609aa88a439e42ef8fa,2,0,1,0.7776,5,3023824,49
d085485a7113c1c83341b14a1a46dadad2aaf07863df5a6a2a26058fc86fd3ef,0,0,1,0.8507,3,2190112,41
88afc19ad20adc93a803ed97cc68af036f1b972bf787099fefaa64350937b25b,9,0,2,0.6441,1,1728347,43
49e9073f6acd68fef8438cef0923e17854fee83adf6e6c49bd0c309e9776ac12,3,0,2,0.6795,2,1731681,36
da245d5295bffcc0dc29e37090cee128cd919789aadbd726422412430c89c19b,4,0,0,1.0,8,2772045,21
f8451d620ae8a2f0bc2d84cc2d7d290d6a0edd8325c8a0a8c13845e0a1057e9c,1,0,1,0.822,5,3210504,44
6133518aaafdaee5d430dbfaad1c71a3348af57c4ad1111cceddee2ccf052b1a,2,0,4,0.6713,1,644207,45
2f4c5978f2756a07c6fac835e0baa95e65d10e089d89f04b6f04b497886eb7f3,2,0,1,0.97,5,3727842,47
2820fd419982db1b33a0cadcfb56c7a09909f4e9ebca17dc688ef1b44cf91bbe,5,0,2,0.7832,2,2128707,40
a1122ccce174c25c5a1feb1fbb4f334584a70478060e0408a71b8313eb052865,0,0,0,1.0,3,3184024,51
b77b36a1c67853e94c97e3a5c570b4c7f73598d7292406edb7b1ad809ce000db,1,0,2,0.6089,3,1986938,29
8960ecc72ca165ea3734710d13cfe11629b69e2d125bbbaa14f881ef636771c6,0,0,1,0.9499,2,2774906,57
978756ffcc6508d0af9597aae1b53005778f0548ac13975e2b888405812f7719,1,0,0,0.8244,5,3763876,28
e2ba98e4481e33aa91130375c7066ec296b299597122b53a2e31c5fb5fea7b7e,1,0,0,0.9222,7,2790584,38
3305e3023baaba1f008e4677065bde4364646c4cefe7ff1a7c24b8abe1f4ba34,0,0,3,0.6312,3,1904512,48
981eb967c19baf50b4b85a9b79ac9e0a971ea769cf9c3990d041ad5913b0462d,2,0,1,0.7532,1,2110473,33
2b8a450a582ee49a84098e0b0884f255f0844b9d0324594f3bc3d73cad83e20b,5,0,2,0.7907,3,2058670,48
a56a8fe95ad5ae5f4274f94dc26bd0d90e2beb46d9c9981dbfc4206d64817819,0,0,1,0.9452,6,2267981,35
05932f83ae4ae2eee90aabbbc5f2818e538b93e0f9d6cfe729f700e47ebf7704,3,0,2,0.5921,2,546078,41
2efb7c76c10398a34801c86572729577a88750dbc24bfeafffbfbae3f12aa386,1,0,1,0.8346,3,1541600,37
1f2be7f75b7e265125c171f824e6efc94748ab14dd55b5b70a81208537ef7136,3,0,0,0.5793,4,1903194,33
28b00ef259c83903e7e1347bb9fd405cbadbf3559d3f7af8e1c09079a0128538,5,1,4,0.6534,2,1750112,67
a80d0987acf5a17b78a14d58b0fe3cd321dba1041db3c2983706358bd3acfb47,6,0,2,0.7789,0,1214930,29
55b75b0c6a81288bf40f28127640291f9f298f9d7418686fbbea607189333f3a,4,0,1,0.8821,6,2219044,21
f4d03e13a672391bf6f4dbd03e109314d4a1037a11d86c19826a0663367e8387,0,0,0,0.839,6,3258864,30
7c17f600273bebc7632ea946bf1c9cc0d5aef54b2e330c8bd4a19e34259edc4c,2,1,1,0.7517,3,2030433,41
bf629e97a3e7b69c3004c566dc258478e653f3c24c12a7204e0945210e0dfe6b,4,0,2,0.7121,4,2292428,35
fb14e7e14f598c409760e8036a4a259ceeeb2b2317a09f0eac469671de8e23f0,0,0,0,0.7955,5,2666301,52
63c57e0c3a6e25d88c9ba1454305e88bd12494333d27cb5479bdc734de95efa2,1,0,0,1.0,5,2383388,51
1020301a7db78e75b5d0593d1991aef3f49fb17fb1f2b1d57a92dd5fd852784f,2,0,1,0.8801,2,3669540,36
a76c477ca396dd31be07ae6f2e0bbdb3f78381c9948b570626ba416019aa4095,1,0,0,0.9071,4,3445349,21
5fda699cea327db244060d59c5307e7a44e632f9ea650eafcaa42eebb51fad3e,0,0,0,0.7771,2,2823563,24
b507e2bce2559ff648f3a443601f4402edd21b961f0a6bdf532b115b0d668fc1,1,0,0,1.0,5,2038800,39
3f817b19f31596eb3e0e894d6d2e99b6034a19a25dbd84c73037b93ce31aa441,0,0,1,1.0,3,2808401,21
99fc1d63bf3979f2765c5ad2ba25f00d5038cb19807d6c7efcd05ad35e71d2fd,8,0,2,0.653,0,1795757,35
6f47d1b0bcbd2162861e062422178b59f518bc675f829bf0886c5bfe16b55564,1,1,1,0.7228,3,2158223,57
6aa8eaada47bd32caceaacad7052645a04de38176195921167214dd460e618d8,0,0,0,0.8845,4,3554148,44
f26ee75578eee0ced929f9ed7318d526ac831340d95242b4100418b9220ffc24,1,0,0,1.0,5,3653439,40
038de55ec6f2716734e8aa870f707b333a7cff2d0cc283c03bf2aa935e26d185,1,0,0,0.9423,3,3309927,27
77ba76c2fd623f594d09552e00044ac2a6453275e0005a90f8dbc7f44e247cae,0,0,0,0.9339,7,3816941,42
a10c536622f98281ca8e4710a256fac77f427515b587f47eb0278b28247c730b,2,0,1,0.6403,7,2826253,36
2587addf16348a53a9316af64d9af83f71327eaa203f3379a56b550b0542dd35,1,1,1,0.7558,3,2152015,42
0163a0aa1a47ee220ad7c18ef2f99bf07e475091c828f827e7d3c33b751e614b,7,0,4,0.6531,1,2105328,48
564753c8a8c0fae4254dd59e32e828dda2b41773b602e71197349026e96b3f6e,6,0,3,0.3601,0,556815,50
72453158102ec66eac42ed9a1549fb23d9dcef7429e9cbc9d3e03b39cef49216,4,0,1,0.8838,9,1660162,41
1027f763fbf3d8e9362796e5353c5444984731b905431e8ac5b39b74b5b933a6,8,1,0,0.7044,5,2049568,46
0bcc4ef22cd462cd0c32105647d28732d5a14350d3f3bc5d09bf2999920411ea,5,0,2,0.9493,1,2353815,33
d41bfb37bbe527a56cea1fceeb2ad8cdccccf86f680cbfbf48c62508aae89dd8,0,0,2,1.0,3,3682351,53
f99e2f9a834fb0e794c9babb8f762fa349491d6127b1e538120485c8393acd2a,3,0,2,0.6576,2,2342959,29
84ac1ecc42a301f134e9a851a8bb8710ab620cc9b708c92a8b962a646c5b5c65,0,0,1,1.0,1,3048634,37
2446be79167f826badf388c5df4e346d858bd8382abaecf7f4a56f7853694978,1,0,1,1.0,1,3091335,54
d21658036330d324c5aa6d724199ba9b84de7ca370507146584150099eadbfb3,0,1,1,0.719,0,1853451,34
1784024616c51faa75ec2e0daeeabed29914388d8ed957fa2f69e70d6b836010,0,0,0,0.8507,1,3349025,23
dc17b2a91f19db559d9dd098fb18ba1cdc020e6a74d7468d6eee5371179efe61,0,0,0,0.7304,3,2354996,35
caac4849709ff6eaf5e74a996177c863c162e78c6314e6c2cc8db7c98208f3de,1,0,0,0.8685,5,2493910,56
83cdf06e3783eae0af69826aca5073f81770ce9678140de7c0032c8eafadfc42,3,0,0,0.8583,8,4658608,21
657195c9f3697f7c7d231f5ab4b8de1cb899f797fb74ecf21d41458794cf5094,0,0,0,1.0,2,2565426,41
4c75dfbee37c618f13e24050f6dd77caab877b25482651f6c7106548ea643510,0,0,0,0.9203,4,3441060,32
e0fcb506261ca211dc8d0357a02359700c5e807c9c4cab4d2bf13affbe4fb969,1,0,0,0.9001,3,3557298,37
d205b1f7edcd11ced3256517b35ff0cd1bc29ba26d689bdac57f7580833ed2b8,1,0,0,0.791,4,2836053,35
3b7e0842e59725505af21458f8926a6d7b6479b2dfc1518a995ca64ab00e7923,2,0,0,0.7289,2,2170247,51
f7cd83ca42eaf01bf904ee0e758ab92278bba533bac6def0ede64f14446ff9fd,4,0,1,0.5572,2,1438073,40
503f18a180333c6b79cfee8b3a8054b3efd1ac46c1196a14e718f97d5f17fd27,0,0,1,0.7177,4,1981062,52
6ce8459025b0595d7a6f692c0c8b3537b45a26437914d198238acbc123b362be,2,0,0,0.6626,4,770264,55
dcf37d3f348d99746aa1283c0ac1ca396d36aecea359442199d6ff0d57391785,2,0,1,0.8225,4,2848252,40
b6bd62ae4c512fa0fc7da9f5ed75fb74184dbcfe753e0e4ff257bb3e4410c7a9,2,0,0,0.824,4,3418727,35
9d50c14135e04a7fc822995cb30d2b7c62f171c1c602f7d072c94b2124c05a22,1,0,1,0.949,3,2050086,44
9d21136e1a8212d148d86d4d1d58a7be87f03b26b7ea3d4428fee802eab3f104,1,0,0,0.7608,1,1888584,46
1e153e1a100677dd3fa3f5905ac7ac3e185be99921d3e01a8ccbbe9ec4102a22,7,0,3,0.7135,2,589535,26
90796c2ced859db34775eae13376424eabb40fffc8d5c0e29042582e1637d3e4,2,0,1,0.8122,2,1406984,42
32d1cd51208937bdd6be0ba6f6baa62897d35ab2818abf06c284090ec82f09c9,2,0,3,0.5742,1,1284730,36
08a1e44576a02dcc5b166c5dfc0751285105b8d70e25324aff840189b0650747,0,0,0,0.9431,4,3852940,34
59142458b93ef627b86e18d3b52a4a416cd7f5f9bf2e56dd1b66f9610d205f8d,1,0,0,0.8806,2,2248610,31
fb238493875009ffc1eedfd8797bdcab886ab0aa4e48de3f29828d70785e6ba5,0,0,0,0.9746,3,3313295,32
5f77a5c909d5b1dc2d964905ec91303eba80544d89b81c946b731205e1e37ae9,0,0,0,1.0,6,3507187,55
90e4fa0f615a8f65c86fec431b75f3d80d0f2b2663bdde9c4569b8dc11c352bf,0,0,4,0.8518,2,1770038,35
66b15930468f405ca8ead14fa35654930635d180ca9c268ec5013618b964295e,2,0,3,0.6395,4,1099475,53
d65b13f75c8afac8b40065163d4438836965164c6433ab8d4e6550961ca8975b,2,0,2,0.8926,3,2731807,41
cb1b4792e638f617203fd69feb36ee2ef798a91350f9db254b5a941fed70ffb9,3,0,3,0.8257,2,1515229,26
980f0cf4156b1d56d066106621f46aabf18b8850e914fd70c3d94c060a436f6a,0,0,1,0.8444,2,2632226,42
5e829c023b2c3998d921e9ad20dd1ae209a6f8e533c05d486547f8ea5d11f9a0,0,0,0,0.8572,5,2370628,25
1dbb6b7cb88717aae6c782bac7b35517d02fddd205e7be6a47a1bf0544d035c4,8,1,4,0.6407,3,942185,47
123275ef9424c71c203672010abecc4a1c2368734594bff74023d238212a386a,8,0,3,0.5329,1,1033727,37
f3b0a53163dab51679824fb1121dffafeb650e728a7b235936bb926f34a5dde6,4,1,3,0.5477,3,1123262,50
1db9ff15f356900ae595058d4eaadff2cb2ee54caf2b9f618adeaefc7767b89b,4,0,3,0.4776,0,921589,57
bfa3a3eaf1801a7752ffe4dc54ddf53a9cd2d588c3b30d1d2669c372ffaea4d6,0,0,0,0.9461,4,2792991,21
651e894917bbc3bab5f50922c1febcd61689f7c93321dc4ac712e1889ee3ec7a,1,0,1,0.894,5,3420140,34
71350d32bc3418a5d9b2eb5afd04ee7cb40059ab79af5351b57140a7662ce344,2,0,1,0.7213,2,1715028,25
b4fba492fc917749e64797281cd77481679eb436eece9472cceef92e18efeebc,1,0,0,0.7019,0,2260288,65
ab904684f878c295ea94bd91d259c5ef1acb17abd359d7fac09cf6f649a02db2,4,0,2,0.6367,4,1311242,34
3674d87030459e61473a445b8295432f96faeb6709916c959f0e267dd4f92a45,4,0,1,0.7393,2,1800028,24
2fae0e5415aadfafc51d713120b2a5df58ff7a91a20ecaf2299f6f7b2b96fd60,1,0,1,0.8604,1,1947805,66
6b59054cc74264cde90b672da83127195819ee742ddcbb13ca6d3f61eb7d598c,3,1,1,0.8343,3,1889277,31
188f5b92610dc045aa596ebbb789516c62e64bfe1f4b4ac301c0bf81ccb27b1e,1,0,2,0.6481,3,1082131,21
4ccab5b1526c3c3eebd6f089615af2d1a8b686b4f9334d7a67d0056d5eddb332,0,0,3,0.8416,1,3211486,26
18ea6df5bef5067c55516aabac4f0123ddbcf022bd295487d2a9357a00022379,1,0,1,0.8758,6,2084100,41
db8fff779bf8909b11f463375b9f27a5bab1c6e542407cc0ca5044ae60eb4d76,4,0,2,0.6297,5,2189541,40
34e114fcd35e5d360292fe350ab8c5bea533ce34464dffa7d1f69691feef04ce,2,1,2,0.6701,4,1006073,29
84649f1a3172bed404b49c6c44459f3fa57e9c910a6625cb6da4d30bd3829b82,1,0,1,0.814,1,3078790,34
7b1f13fb5c3b3fed53553ae2a600e550b6be94debacf82a2779041597e574ffa,2,0,1,0.6272,0,2243590,40
f36b55d99129605b452125724f9f570a8108e725ec8f7a5e5ccba6581330f07f,1,0,2,0.6969,1,1231395,55
2c64a203701458454d88d823ed452fe0d5c10118e210fd42c2306baec36edf5b,0,0,2,0.7739,2,3390002,43
f53dd7b748ce80e76e45494ac9e3a914b1997e81ff5ad83996a85683984da372,2,0,3,0.8157,7,2809399,33
5b5dc1f75a0dceb5c5e183c26c79d53353ce3b3024af5ef80dc82df7a01c81e6,2,0,1,1.0,6,2656163,37
972c4e8945d020fb39f3921140928ee79f6c2e28169e562836adeaa8084c8880,3,0,0,0.8783,3,2904253,49
be3ffcf4ec27771dfc75ef39893c381d34599683325798c42d579890e1bd1bf3,1,0,0,0.6096,2,2498909,60
1ecbcde684fae72a50d14655ba7fec0d8febd2e39f2994b63b58b4b81a42ab4f,1,1,0,0.8998,3,2427698,26
74fe7da75dd2042b7180fc82186363350d819cd55f342fe39dc817105a9f0a20,2,1,3,0.7099,2,1959276,53
3650e4cdaa038eccd8a052641bc0675ff9a77bf735bf5a38fe66e9dae08c58d3,2,0,1,0.9163,3,2154804,36
213401a03d917a2b3380ae71c3f598dda9085ae7f866e17059295e3a7057680c,4,1,3,0.6008,0,837609,21
868243299ab86e13320a696e4fc895c0a3fc4963fb2282c8d5c30ebd46e84f4c,6,1,6,0.541,4,1583622,21
98bf87ce08935c045294b94f28097a8af3bd1e9911e0578839f7317aba0da55e,2,0,0,1.0,2,3240629,56
7b5772698308386e391f88861595fae3817083e869dfb3ca0e644e4aa011a222,4,1,0,0.932,2,3847907,57
027b4bcd354734edf1400aa6eb27f8c39d31e5d0ca690c275b89e24941b17ef1,9,0,3,0.533,2,1631173,33
004e792c9d448ac2e2c7fd09960049f78a2d981b19bd576649f2584107d91c50,0,0,0,0.6931,4,2612412,37
27ff059082af0b5fe9b79fb14faecd2ec3b780c7114d35383f6f68f991b7b825,2,0,0,0.654,0,1963453,21
6cb7f6fdf605ef958a20a6560332665b43a5d54acf959fd5fd0212ceadfbc3fd,1,0,3,0.9247,2,1377122,49
f11207ee8967169b7fe6af643e692363ff033ae0843222b26918d42f182a2893,2,1,0,0.8208,3,2978874,39
7aa55987ad283f0c79e64dc6edd9faa481c5c135672535b1f8841ff31cf3c7c3,1,0,1,1.0,0,2501668,21
c9dca756acdd557308af895cd88f0b5fec6df5185433e093702945a87b22d800,2,0,0,0.8524,3,2701393,42
ee08c5dc3a686e1b81623adb72b84098c84836dfb86f9f94288891792f019df7,4,0,3,0.5922,4,1910953,23
ba9eeeaae5c23db9f86636ccef6df869c4920870597634772acf433f5661b3de,2,0,0,0.8981,0,3095262,46
af774e10e90e002b72a65a9873c5ace175135156f3187c22634caab97794c797,0,0,2,0.8628,3,2204437,27
98af8cbf51a9290f8cbca790cda90064230d2396bec4a8f68babb8375c705486,3,0,1,0.8946,1,2528187,44
01fc79bd6362d6b03d73d2bd689a4e16340aa99653a552ba8e2583a341bd7470,0,0,0,1.0,4,3463482,32
32543a760484e917c829fc35251b00fbfb995e55115da007765af4621b0e1eec,4,0,0,0.7359,2,1974428,21
614d209898b8c12cfca5d7c464597640d4b98cc9fa8e1a8b91b49a1b3c5b6ef6,3,1,0,0.6802,2,2098986,51
ed8d9656781e1b254bb5aaa68ae1c21e205d0a90476687929196615580b067e0,1,1,0,0.8073,2,3282623,52
731ba51a765f0f5349c5c32e7f802769e1d2c2959d4f7cc3261e4db2e6a21da8,3,0,0,0.519,0,697221,33
f30ad14f92ad82eb4852cfa009807c458255d8b02292035e7bdae15734ef4728,7,0,1,0.7262,2,2023196,43
b84b63ee04baccb9a2cfe52717f341e8159ffe5ad7e305c57a03c546925a208d,1,1,0,0.8323,3,3318194,45
89491588cf566101b4305f2ff4fd565395ad2a1398b79b10e57910672bb94fce,6,0,2,0.5726,3,322896,45
99f0f35cc7c58ea47e65b00f00cb8efd9a315dbdffc59fec7529ef5e17e364cc,1,0,0,0.7364,6,3088027,60
90998495b502ce9c735a593713405977b41cfd394891317196cc389b78afe471,2,0,1,0.8868,3,3102421,45
dcedc28701b67479cef95ea60239579da9e2e1449d5c05746bf725af8dc3e13f,6,0,1,0.6688,1,1172852,35
ab4aa9b68a081366561e98452d99470aeb270de5534fd4ac05304f1db903626c,0,0,0,0.9401,2,3528889,45
4497cd41b8c1820fc349439bbdbdb37e04e65c91c6689e254b8dd88d703f7169,4,0,2,0.6778,4,2287681,34
60593606efe13e308a7d6e2521f0b2c9e6d0810fe9e79ac1b61eabe517475a61,2,0,0,0.9851,4,2673319,27
72c7e6739376ad954f6c34444f1f6a2613d149f1d767e4df33e9d619d7eb8d89,3,0,4,0.5272,0,648648,54
2caca6641660e32a16cc5afbd53b954ff0e09c4c72e2da6b297831395497f4bd,1,0,0,0.9008,4,3211057,46
ce5777fbefa634fbee78c0e4d438e5d530066e26749ac4ed4da60f3632120431,0,0,0,0.6205,4,2840847,21
ce077b177de0e548cc2808cfeccd537e2232f3a7791a0731eb7b342bba3033db,6,0,4,0.5081,0,308285,31
61e945123302fdc43e3168662af44556f2a2fb849b36118a90a86f76187f5f47,2,0,1,0.7588,5,1978402,49
1a321694113c58f782d793b17e7f0a5680bee76d4a85c7be93be3c27c1120c90,0,1,1,0.7355,1,1687084,21
2559e2077a1e6897878dfea7d430cc8dcb5d8a4d1af63a348d55a738d9189d4d,6,0,3,0.8621,3,1537743,30
9603392fbd4ac5e6961240568e1ec5e0ebec2fd5bd8b4c19d2c7cbf51806b7a9,0,0,0,0.9683,2,3735379,71
5f8e9855c71c57420652aaea555a1c16c84a6c90e11129b8c96004707e903e68,5,0,2,0.7624,2,2221408,36
c72c0029f5e34ac33ef02a3506f23b43d89f2130ab1771c55c8d8eabf7350998,1,0,2,0.7386,1,1453259,52
7fa46920f082a2a752b15c3287387f74fcc02d3fca550e5fec2c3d60358a1206,1,0,0,1.0,9,3367317,58
e1a3b7a2ec54846859260cdcaeeb5cca1b5258e739d2a3491f2b4e30db915a42,2,0,1,0.8763,4,2206035,29
d8aa77a6b7f7f294a7893af24fbd80c12f2c63f6692d829fc72fc72c517541b0,0,0,0,0.6697,1,2354833,43
1cb64083d2adda7aeecf17a11618ecf01e4d90395de65ae30433f46f65152399,0,0,0,0.9403,3,3484331,64
50956162485fb510baf2ab2220eb0d2fe189f19d8c05cc1582af962f9e70990d,2,0,5,0.6253,0,2598197,45
f7789a3f9838dd7e2cbc6d9ef31d8b3261bcef136c789ba14d74d58e1bb4394a,3,0,0,0.7334,0,2157991,68
d0d2a62644ccd7565a09bb7cc19fe0442d1b65037183cb0fa8879aa1d49b1777,1,0,0,1.0,1,3244483,32
f2163d91b172708c84e71350a3213aca615d4336391a2bc87885219e5e3e1e8e,2,0,0,0.9623,2,2814569,61
1ef98f8d9b492d920ab70a757e4bd58747f68de293f9fe5fb358117d651d707d,2,0,2,0.786,3,2153277,40
498c6cefbf68be08d50c0d2e2cafaaf67c34e19a0da2d3cc1676122d9a42967b,1,0,2,0.7755,3,2456395,36
baa70c872199ea23d87c2b37c9be240af46e15ce33c029a76e2926139cddb414,2,0,0,0.9603,1,2877250,47
135b267ef5afda522491f7104cd9e6fe5d9e64f30bcf355f8cca24a7476081b2,5,0,3,0.466,1,1777385,38
76087e455001f944cd16510611927d79c9fc93d8ee244a5b69b21b78f0a9e727,5,0,6,0.6245,3,2154260,38
1a8231a136771571b2cd1ae8c9ccf79291d1a63560e193d5f40111d856e3b80c,7,0,5,0.5975,3,1052232,45
5a42f92d1e2d69ee69be704059d2f21b8aa71dd21b358538ec7f999108278e30,0,0,0,0.8158,2,1905489,21
2d00cde505c2b4985409b22f77450933b282eb832e628be60e177fabb6069b12,4,0,2,0.5906,5,2272561,30
4b0c5112213d3f4418b70a12d6b3560a00e164feff7e0f1c2747f8df9c8c558b,5,0,1,0.9268,6,2836453,48
ff68a2b7bc084ac3419fc37d98b245ff2ff916775947943468119062b8f36d17,5,0,0,0.8817,2,2689709,51
a12e5d92de9765e75ece9804b1fe8880ba69e1feb4f8efd5f5f86d1547c3417e,7,0,1,0.7337,1,1432878,44
27458c1f0f580b69504d2ef7cfebb116ff85be589c34fc0c962175a82e6ba8b6,2,0,2,0.7379,0,2310839,43
a4ebf536af66dc260ea4bd8c4191981a8bb7534fe6fe35ef936ba8f24e6e4cf8,0,0,0,0.9953,8,2728443,44
13e144125b97c4a8349ea3416bc800e6cc1e0ddf36a66ae492a4a98feb57b067,2,0,0,0.9571,4,3552775,51
163d555e27fc62bf0eec092c57c1181f1486e3c0a829650810de9a52f36d2baa,0,1,2,1.0,5,2943707,22
80a5aecf167d2cfe08e885b21533fb4ad9c566b35686f280a8c48c867757606a,2,0,0,0.7723,9,3874016,33
d73e46ba8e6216498f7cdc00ee52e873d521281ddd5d19acaa25a9d98b5772a2,1,0,0,1.0,2,3370294,39
551dc652a5eab7decda2f8dea1e7fde45da70c16e8947766b95791a18e836997,4,0,2,0.617,0,1113373,42
aa6ba8d4f73242fb7a979cbf02be1844e9eb55e5d3886be63fb534cca451ab66,0,0,1,0.767,3,2843752,21
d6353e401870416f2265116a3ee8e6ee352dd1cdf5fcc5db90b3da8eebddd5ef,4,0,1,1.0,3,2976891,24
aeb6b650bee4c22e229d76a7331038a7454508a3a8c046d08c3510eedb9d10dc,4,0,2,0.8975,1,876960,39
acd7ece98188c0ffb7c7558d7d861cdde6e4b4d20ba6cf0c289a68d53b000a08,8,1,1,0.52,1,1706886,52
98d0577713680954366d02345044a9673a40d0138fdccd9f1d11e05465c37d8f,4,0,2,0.879,1,3306300,34
7e48aa0999f86f591c276ff91364697ee7230405ca37ed3873f69c1191e963c8,0,0,0,0.9197,2,3212502,31
441e08e925de17357bad6c99ae955a2b5597fba6886a21402e242d4a346e4dbd,3,0,0,0.7174,3,2340401,46
9b6ebeed8ebd3545a816ba7247d2b07e70e272d75800b3457c10a5d5a4251897,1,0,0,0.7523,4,3719109,36
080a1e78926d8f0f7422ddd4f49ce846a8bcb01872f0c35841ac0eebbad4eae0,0,0,0,0.7891,2,3621252,50
904d1fca053bf8eae6cb3cc4ef0ea888e28d0260c275cde423114a66d1026f6f,1,0,1,0.9765,3,2099108,37
bbdcc9a937593f71e2b51dfc3607b1d7212e3a9c065e973a5db238ae29269601,5,0,3,0.7186,0,1791101,26
584590d3a6cd84faf993cb03fcaee918d556dc4a551fbdff6ae2090e67cc35eb,2,0,0,0.9033,4,2030883,57
10a8dbe7e6975fd415075042878b298384f54492c58e4324fbdf1167a60e07b4,1,0,1,0.7884,6,3104358,54
16ebcb6d8106c510a3e57bb6ae3f8ac8b81541ce9ace5cca0125921016866a54,5,0,4,0.6565,1,1946321,28
9e890ec4a6648059f3990362743540fd66949e8f819baf5e9d986ed8901135d3,1,0,0,0.8299,4,4006289,44
5ff3c327d84992993ffeba230c68285440cb894060179883d2cb4db10881ec88,2,0,2,0.6304,4,2097013,36
788a9203683982ea0b65da3a6c1467ee2cdbb43fc172fadea614221eadc9440d,2,0,0,0.7563,5,2933972,47
5f8a8c06d0cc125d1334f40fe40387ca4d9e5c3fd5dce158bdda54431f16748f,0,0,0,1.0,0,2631260,29
d451e715eb9ca3c9803b6eb9a0cd78cb90fc52fe6a83aa63fed993fc13a02af5,1,0,2,0.6717,2,2681011,50
d85d7c19a6b79539caf6f039aab23e52baf09594ef7f6b2cb54ab103e7ddc48d,4,1,1,0.7528,7,2408262,54
cb088f0de3ffd779085a5e4565ba4952564635ef8a138f3a8f0c65f03aab631e,4,0,1,0.6302,3,2772159,28
99614582741cae1f40b86434384ed9d76ba4cb4b4208ad3c609ab12c98d7ab8a,1,0,0,0.8514,6,2760752,40
25b74d879c5302afa4d3a69823d97c545b8d91f65952b04c09da85d654aba211,2,0,0,0.6927,0,2191249,54
2a8039e1f3c10bfb5b7a88c8e621afa2824c076a6f24788b9e79ea445cba86b0,2,1,3,0.8166,0,2474665,27
5b1a51c831d045dc5236b3859be146e721fe126d49e8339ab44398d68e8d86a5,1,0,1,0.7381,3,2250284,31
fb43a597b33bef768e2aa3195ecbb33a34c2400ace56881a74ecf023f84fa6db,5,0,0,0.7294,3,2286741,47
b9b022bb6bc8aa580337a5aa6b4aa3f79f71b5c3e2f8028e943c6a7088b39ca9,0,0,0,0.844,2,2840808,38
eb857877660a3ad4627cb5cbb91a4674f4ae1b3e311e09252aa5cbb90e139bec,1,0,0,0.8549,1,3780508,21
16d3375a3da1996138c6baaf4b0aedbccfcf810565e48646c497c0a83eb72002,6,0,2,0.9311,2,1586880,36
dd19eae78fe629039f3941587f738f9a094f6e6327a81837b9939956763db493,0,0,0,0.8291,5,3089893,60
f9d968487348dc8065818a29674aa9cef018ee7e0ad597f7f9f588a7e3810704,2,0,0,0.7883,1,2736913,64
bf44ed672b7b461b845eca3100b1e39c71b8d950b4635319ecd2dc7eaf79ac82,3,0,2,0.5981,0,927172,32
bddb54096040f46ffdf682673785cded41172022870757cd6776920f7ddcd79c,6,0,1,0.5747,3,318586,29
c694055ff6de353bf50f60e0c0f997f9057e6cd22ad0b1d36a1a49a13c13b6c0,3,1,3,0.6302,2,824134,34
29388a060b435b147c9e0e683c1ce4fa770360e8ea2047e2a44352812a096870,3,0,1,0.6761,2,2232678,61
26e4080f44dc461f8f91b4e575afea9869c4687f512ae9b9ed424bdf1d7daebb,0,0,2,0.8788,4,2408046,50
323b375c30f0966cf68c30b1600e8e7e2621bac9d8f43dd510661a893130c062,1,0,1,0.8831,2,3458058,57
041ac7553329aabff01f7c5043544f87e117384df2fc49e8e84de585617d34b3,6,0,1,0.6949,1,2682645,51
35623eead4cd45f8fa8deced6a863fd915ea85ba44081570ab60776125eadb1e,0,0,2,0.7539,2,2421778,24
a159682c0656a10d4e642ce8957e78852e35d9af167813b7c9d51cdd43e44d76,0,0,0,1.0,5,2972048,28
1308fb95606d73d9f9a6ef51d03ab670186bfb733154114af752fe1e06f455a0,3,1,0,0.8235,3,1908304,31
642c96360075ceb068770cba0aefc2fc707019ba99016c27cd00d77b3f195ada,4,1,0,0.6065,4,1882875,33
948810e328a0d5bcc29b8da19d6ea35c9bcdb2850d2ecbfc6df7f7a94047cc92,2,1,0,0.7428,0,2976777,31
570e1ccd5a23fbe63cfcb93db0f4b03be37b3af5b6e02a6c8436ecf351c9e43a,3,1,1,0.3801,2,204270,33
f10f9dcb80cbcb5ab5d0f4292c6768af3fbdb4c1ff6a973643fc8876869498c8,5,0,1,0.9598,2,3173008,47
4861835f22b06d9502f30cd635da44715ae7f27c6cece4f9e2c2d4ef3379d1a1,6,1,1,0.6286,2,1978786,41
7a5d60b82b4807124674dcbe528182465e76a62e0974bc0af6fbe164b36be852,5,1,0,0.7431,2,2365463,54
44c93eeec9f4e23037b9c5434438a17732e726fb3a2208d22054deb6b6ebcaa9,2,1,1,0.4568,4,964632,43
cb65b28b54b038f3f33ddc0455cafd335864fdd70d3a2f2c4d61ec0883a04844,1,1,0,0.8275,1,2573214,31
075f668ba3dbfbf230b4cd976b6a4f161b18ad25bb0cfdefd7d43b9ca67553ae,2,1,0,0.8832,3,3251576,42
622290303596a38d748996ab3810741a1d38e33a188526d682d3d14675b7e6a8,2,0,0,0.934,2,2348096,21
13e517ab8151bf69680588aa6dc5120b94769ec7512d1d6afe25f2aaf8363314,4,0,2,0.8539,7,2589488,21
661d79d1bcb367d42bf0701f812bee184034686d164cf0ffe21f2b19e7a4c901,0,0,0,0.8197,5,3270419,47
7384351130e32978662b3c68dfad7a90015312f846a063482dad24e99f11e23b,2,0,0,0.9656,4,2484593,52
549ad1eb17abeda7b7f831f1c7cb91738a18befad351fb951e3bf289800903ad,5,1,4,0.5412,1,460227,40
af258377cf22a3d96a3839ae0469bcc0910f70cb4a21519724f6ee3f7b8ca82c,1,0,1,0.7456,3,2336366,35
620414381b71bfff7971c21443b79f00e9ae78ebbbbd1c9e5d86e89804e23d32,1,0,4,0.579,0,1897798,23
114eca88fb47117ee9717037b066acaf102fbbc586e21fb2c582c68784d4637b,3,1,4,0.4528,0,658830,54
7077fb73a47d0374b162d9bfb620db563520176903694c5c2837c0c5c2ae6954,0,0,3,0.8742,2,2158243,45
a982fe5d773ccc066c2232e2217e9c5fb3f4819ee46b97c20a40beda23f3a573,1,0,0,0.7383,5,3013394,43
20c80a43e55b37933c73e7ed591965ea3ab32cd40e5fa964292ca59b75fdaf09,3,1,1,0.6405,3,1161498,39
162079c53df4b1b8739738ac115047cf616fd249c74d70753d87ec6bfa2ce968,4,0,6,0.6148,2,1125608,34
fbcbba9f66a9cec12b9310fdeb8bf072b4d8540ff4ed236cc376082810c5ab41,4,0,2,0.7279,3,1434345,26
0f13a1bc97c523b29e1adc302a93a0736f7e524532e98a278a177c50e4eb9f4a,0,0,0,0.7426,8,2274791,43
796f850179c5921158509466055dcb5fda36aa7b5150ee32c0d4d611d30d7570,1,1,0,1.0,2,3964859,33
1f4a22549ee5caa3818351ec90468df4f5c8c4e89e5ea3bbe184780157f92224,4,0,4,0.6923,1,2321525,34
0f8c2c607ad788a7a68ad4c3a0aa7658e9734c94f8beb6f61405e123199e25e3,2,0,0,0.5515,2,884807,60
cebaa80f643875865bd4c4bb4c19bb1c0682f5e931b2b08f161f0ee1d98f820a,3,0,0,0.7431,1,2923635,39
525ac5373cdab6450fffd66d69005a89b5ccee00b0665e9c6c6f1a507008d959,3,0,3,0.6029,2,1703038,21
49781ed090bff712e342ab18055320543e3c4a33df910ade36ed040d3a481530,1,0,0,0.8907,4,2050962,33
e0dde95199b5b1c42875e5b8e3533a66b878c121469d27e734d84dd2d6073794,2,0,0,0.7831,2,1926171,27
abc1f31f5ad0042fdb53c9db97d9f78ccead96e5b004eb6aa1c4bdb93050c2cf,2,0,2,0.6007,1,940293,38
4a64f9ddffe7b22773fa3b1e868b86aaca917b8a0bdbe92a52afefbbe51bdd42,1,1,0,1.0,1,3424976,22
f90be4a6e11998645fcdbc5f9d05f2be6ae15e227f843bab7a5719d58265fa76,2,0,2,0.6852,2,1726977,45
63364e9ade57e460f8d684f04e24067b1ee41a9492362398b237c622ff42259b,0,0,0,0.9259,2,2950191,36
a164f1dd42ff1001a3f980586e7bf4425cac974d8e2ba5bedfbb400854bc4b0c,2,1,2,0.721,1,701876,34
04db60f844de5c37d48a045c1b18bf280fb985d13c201dddff4e51091d6882c6,3,0,3,0.6083,2,1190526,41
b16553d153fe8b34a4b1c9b800148a6193178823a5693c47dded14becb935b97,0,0,0,0.9879,1,2683357,39
f1aed42bdb33f8a7a5cfb49d81b4479fd7e416929ccf74d4cdc55844e7e70486,1,0,2,0.9263,5,2995960,38
54a79c402d8f7913145b389118fa1f957935014e12d65bc03b65996ef5a92767,5,0,3,0.6475,1,1586435,37
2384d1b65501de2e0c9c4193cb96adbdbdebfd5da1d90d1982552d73e5fccde2,2,0,0,1.0,3,3921300,39
5f16c0c12d940e20ac941205def3fe82ec30891827ea85d432115d07be5d85b9,1,0,2,0.761,4,2794909,44
e0e7d95b8b26d59dc1978302e8bfdaf5ad0143f89c78defd272cf8ac68683fe7,0,1,1,0.5206,3,897997,42
aadba1f87e595a724df3e817a2d63d46b77d6fec15df61095f9069e083d40c3f,1,0,1,1.0,4,2688330,53
3d3b99eddd8169b8a995d6a7ac9045108380d61574f5eb6c0b37bacac109df17,1,0,0,0.9666,5,3113549,33
91307ef91f62f3bdad79046b2852b93df16960635511d8cb790d5d65095e5364,3,0,2,0.6389,1,1684901,42
ee28a8808724ede320947d3e1f12fc58ed938f4a380bd096bf75ae79d56725a7,0,0,0,1.0,3,3464676,69
5e894f41e8c7bbec9e935c42d3e71596edf4e927913640dc8d1ad56d998ed183,4,1,1,0.9149,4,2320081,39
64ecbf4a9192aa7d5d8a7aae46f1c562e03a4269889d159b38b83b250ce4a013,4,1,2,0.7396,1,1983379,39
746c69dccf99003dd659d5d194c06a33687c2026640f1d47207b5ff8f36ba002,5,0,5,0.7827,2,2780739,24
2d813b7be7d9bf95252e3d9b2e228ccd1127d9224dca62f0ce7f0dc8c0fc3f3c,1,0,1,1.0,3,2092205,31
9e10560be5813c9babcc486515f40e6ad669cb33a32fb075e8dd69a15e75a404,0,0,0,1.0,4,3098815,38
1f465f862869a8fa8237ff3bb18853a4b8e8ab8982d6a55ac8c4823a47b29817,2,0,2,0.7959,2,2285127,46
c018dae717fa3fbcfaf456b8fff1b12ce20821e43960827b3d058f8304256489,2,0,2,1.0,5,2661374,47
182308a17af473e1ee284b0c2dd500026e2c9a088d2d36e7fb19bece5158e230,1,0,2,0.7247,5,2722160,43
da2d9a9b894ff75b1bbc008bdf55df0c9a011587774776683d95ddee2d493c7b,0,1,1,0.9546,4,3977817,49
6bc36c72bb77f021ac56688bb27f46c8f3080a622c572063317bbb86e9de59e7,3,1,2,0.4932,0,1828261,28
21238ce4a7d620e6bd0cd77c350ecfef9713a15c7c88e78905a37749f939b461,0,0,0,0.6996,1,3034411,45
dc388d2c4e4bf3f05eea9fb59961640d4ec2ddab1d9f2b8ea3cc92f3242dbc4c,1,1,3,0.547,1,793642,40
fdf4462a111d8e23358b082e0715ca23ce8a9435e5fba6dc559ef1ef99d7cb5b,2,0,3,0.6206,3,1204177,41
060112574e9338b1b0e2192068125854d65825c733d7bd07d8150c51f1b22b90,2,1,2,0.9666,7,3400494,35
61e7b591da452550b09836f665912b238bf0c1dd3734ba8012f9dfe2854aa341,5,0,3,0.4933,0,967340,28
da0a5d9692de4364c470282d7d088f3ba48f1c31c5041ee657e02ef6fd87b73d,1,0,0,0.8767,3,1933400,25
162321274ebcb8ce304d88dcec01afb195a51c0f6d2a3f70c893f015c3c16f29,2,0,1,0.6232,4,1663413,43
11b15263f2bab676fb96f3ad898e4c36e5b39e6e6dd5ae22239937258ad110ac,6,0,2,0.7065,5,1517769,45
477329a515a1edc201bb3470120ac66ba513d14f1590ce2f4fea9ca5f95fb0d4,2,0,0,0.8544,1,3384233,38
9386a64e3c1df7144c7a0ab4f120e19c3279d920cb8faad85ca9afff3c04d82a,6,0,0,0.6847,4,2238654,39
77477bb54cd18d184fefdb61d8010c81fe45339d5b943cad68d009814a47c267,1,0,0,1.0,6,2429564,31
55af5d013d0ca4518baf49a0c0b4ee82d0192fc5a94d212b6075ae07208f4c18,2,0,1,0.8512,5,1897062,46
e4966ca8687e81bd3f1132d45e69547889f587c988930784f7e1da1cf89f3c30,0,0,0,0.9778,0,2147861,40
ee775d2d9e506d3d17cfd276726e094532193443172e2f13c567ef339d90c2e2,0,1,1,0.9555,2,3803973,35
c1828cb56b3a55ea6d6a7d57e7fca3f99bf3749da6269af5e61bc23202876ebd,1,0,0,0.8385,5,3730334,50
0083f7dc13c08690a7771a899be15f40337bfbe8c7d6a810a4168a45054ebb16,2,0,1,1.0,6,1888933,47
3b75b1d2e05d88aee67702751eadbc2efb6ef3a9fd813d1c8b35cf13544af7b4,2,0,0,0.8052,4,2935357,21
d8bc7e52ef66254322ef2187988aa9fdae5f4b1373e63a5f54a6ec39edb7f999,1,0,0,0.9181,4,2930210,40
6ba75926a685713a83d6d87383e53fed302084eed317ba440ec2fe7d70480711,1,0,0,0.9143,4,2818623,28
aa44a58b4d66898700a19d21e95df37b33d3b93ba59a2775fecef64111d8bfa0,3,1,2,0.8425,4,2862795,41
e24de06c0196575c2560fc47322559dd11ff6ae52c54c859073028f91c6cdb52,1,0,0,0.828,2,3265687,21
c57f7f883f1a85822c8ad1a43de8e256d3b3d90c7d4c83a713b92b9f9a61497b,1,0,1,0.8686,4,2941350,42
781dd1cb3e62f6e1fe075265e712ee7d31e2a7f32d6ad4d5f35073487ad70482,0,0,0,1.0,6,2870892,48
b11ac8e64c2ed510d8feeb4f4e6ee04dfaa637c28e58318cb8d92ced0a34a130,1,0,1,0.7994,1,2757068,38
24385aef71c707abbedba2619168532ad4c8b3334f2cae867fcb3a07152447c0,2,0,2,0.9083,5,2973185,26
72e0af4ae27d381fde5646aceb42a1aa2dfb6c0a5ec1a1b287f580769702d882,1,1,0,0.8234,4,2880139,63
36a29dfbbff66588cfd166da93b01639f623c04ef9b494635f087e93fa48e021,2,0,2,0.8475,2,2177337,53
242ad028485dfc35625695d37fc81d3c238657419fb7afe476f636b51ee7d00c,4,0,0,0.8682,4,3424515,33
66141e340ae638db0d27b061021153dcb2b29dd4acee42722618fc3e96be0c76,0,0,0,0.977,6,2572399,36
bf73d738b07621eb7e8f211e0a0ecc325b5f1379302309f321df772cbd00c474,2,1,0,0.6296,1,1693344,21
300abe8e35ffd6ae46888050dcd3b033c48f01cdf2de87950585062c6dd0a017,1,0,0,1.0,3,2975956,45
60fe7fb0dc11f6a315d4643e271d8460085f819de7bef5e0bd8fa09148f27eea,0,0,2,0.8067,2,3079436,23
3e88b80617212c8dac854dd850db9ca75f8b08a49ef9ed09f0bb42ed1a37138c,1,0,0,0.9243,8,3385885,47
71b1d5e3d4f32a4f0364d59f6886978c225d3f9cda704a462fef5e1bbc5262b7,0,0,2,0.7572,3,1544116,52
fbba1924f25eb0e12ce7a23205e73494e258386212a941543d419ba953178563,3,0,1,0.6748,1,2500927,39
9bc8a9faf707f745ca94e65a926db6999745d45544548571c904b4eaecf127c3,4,1,2,0.5473,1,1101811,27
d94e84af79f6acfccf8295fc6bb94ab8da3ecb6b77c5694b828488a6385d6e80,6,0,2,0.6224,3,1670840,54
e736aa84992272e01248e5891248264769b58e409a80c6d7e5deefb03440f2e7,0,0,0,0.8203,2,3695835,40
91fc8398471fbabe08119cb61e9605460b4b11090a2b708969b253cc8abf7010,2,1,4,0.5161,2,2229019,41
36aa06ba43c548dbfd72f2b1e7ad3452f1428a8f291659b8f20e0b9912b904c7,3,0,2,0.6122,1,988552,28
b582c2f133b62f18742ab85b452c6cd6646b9c68f9e3bbdeca571d063b8cf110,1,0,0,0.7341,6,2185961,42
a216fb2b4d3f916b991a3dbff5c20ff2ef54ea2853663d93ef172de3393349ce,5,0,1,0.6809,3,1928884,37
af911adffa781ab861b0a3d70b60dee8ba0022e3c1bebeb901f268a222534fec,3,0,1,0.9285,1,3004288,24
c653728c8fbdea331532346016b56a58a1fce3f3c25525425c3aa1176b07769f,1,0,0,1.0,5,4445667,56
37ca1c96907673c9d1619478f7fe7dcf2f8479b2233efa523b2a188f48135d6a,0,0,0,1.0,2,2529852,61
7a9098df56478ef474f8bdbd39c9a86094a090f82e13070b7123cc2157554d22,1,0,0,0.9407,6,3141028,52
ba18ec72678c617b9c6c7739d98f0e3126d0c7d3342c884969896e2c11e6d6d6,5,0,1,0.86,1,2528421,50
0c4371074afd93eea2b88a8945dd269521dfae1ed54518fed96a160113852392,0,0,1,0.9501,5,3334305,61
9170ce054a086b59ecae41c18397570e6d76e5114ec08961cbf1a9ac5efec110,1,0,0,0.888,3,3502226,27
9ad466915716206db3a06e535198f590b133efc3fbf5f94df0568be54536a443,2,0,0,0.9906,3,3642727,27
ebc0f9f585f6a456442bcf69707a7b61a73e62f781e07c12320fa791ae67bccc,2,0,2,0.782,2,836680,35
bde090e547934efb6931d585444ea06743b8040bbcbf3e96bd032d8f7b2a3ac3,1,0,0,1.0,4,3940885,43
6267df1d542c9977fcd76beea217691e30874a310ed5a569cdecadf2997733fd,0,0,0,1.0,4,4145194,36
91cf9081e105639bafba69b83827bdf46bfaf1c98849c74f729a89c326441ef6,0,0,1,1.0,2,3285390,27
83a87611702224bbed651c63a64713b0a5b3bc69d9cb0ffa19a093363b2df13b,1,0,3,0.7898,3,1414021,40
c284a012c277fe617881ffb53750b41ce03ff3df75cb641ee7e6bb1c36bb1a54,3,0,1,0.8296,2,2768995,38
0ca984be354196d012b9fa6f9bc3f75c03a6d768703598b3ce52e1b22024e9e9,1,0,4,0.5923,1,1557072,50
6e5a137d508ebbd3f49455f49f7ad30b4e1218775b7e5d257666eb42deaaab3b,1,0,0,0.8367,2,3081931,40
df1f856c44d471eac01594a1965f94c26769cc45f197958c7ed140ddceefb5cc,0,0,0,0.8629,5,2442100,21
3a1297f38f23da7c5ddf42e974a4d3bbc0440f26a97b66f213763b9286a2ff1b,5,1,0,0.5185,1,594499,44
4ab88d676cf7293a20d2ef03f148c48ecc439603eec3ba28ecd14baf3a64db55,1,0,0,0.7953,1,3504845,58
25bec610044dfd9d2ed5b75ce5d8b7b9fc6d7dbade945b73f29ed3ac5206aa17,1,0,5,0.7236,3,2385872,40
8cc5721adb8201c4812395d8f0bab7c3c9b1a126e89bc72ce0492c06954842c6,0,1,0,0.8896,2,2840751,51
212dafe385e0f1c62a87bdb0c0b242a6fc0e7c01ef427aa2224c47772400d254,3,0,1,0.6715,4,3164827,33
980ee9b099cbd7b50c7a5787d899e8442f5cd47d33f14c6c0a29c0cc0043db67,3,0,3,0.5368,0,1340791,46
698867a10be710784855c918507646d3ac0eab4046c1c678af046861617b35f3,1,0,2,0.9128,2,2363333,31
0490725b84884b8fc932717048280044e463d8ed0d41d4d149e14297349a7559,3,0,2,0.7072,2,1437737,37
f257ad5a9dfb881cc893a5f46c5c466082c377160e60cf6df459b802f894fb09,1,0,0,0.9932,3,3426708,37
4e561057de7a7bd3c173c1bc7cd0fc79c94201b3667b521d36f8c08905350ce3,7,0,2,0.7189,2,1601026,45
27346947d970e8523052706cc22708f3e7e5483b69721e5bbb1290f38c4a0779,4,0,0,0.895,6,3058932,30
c0c2da0df453273a33acefbde8f3d1c975eb9d7d5893f4ee9d6eb3c3f3f1d904,4,0,1,0.7344,3,1288921,22
e5211e4f22980e09d4868cc8c5ea1c5a2ce95eda3c12f9c7e2e487f6df1647f9,0,1,1,0.8013,8,3146390,45
baaf940247f0871306a4f325ce9a2585a62dd4343043d982a27fdd4797487de6,1,0,6,0.5712,3,1003887,45
7c9710c7408da69064ac87282d478ec293db2730c026588242b1e26f205856f3,0,1,0,0.9134,10,3448141,41
c8b4824d8999b42ef8ea0ca88a5a8cbbe24d4a80c1bd4e887d9b78056f71f6be,0,0,0,0.7307,6,2300759,51
a3f66b1c99cc1595acaf7ef7e5bda1fc7c5c2a9712ca1f31ecee48e537a06499,7,1,2,0.4301,2,623096,37
fa978c505392d7451c9e9ce094ead2096ebc769c16d3df4cd8a24b4ce585be2e,2,0,2,0.7686,0,2415384,43
aa61ca420dac23fc2cc78659d5e1ec704ddf415dead3498d88bda6be3f17ec1d,4,0,1,0.5327,2,1582420,35
48962630d2a82208f23120631aca5c79bf72bb23377eb8f66c2bf372a140a71e,2,1,2,0.4923,3,1181354,36
14c0883fa4e789c7dde2e00a945b2e21dec0d5052c5977d559c0dd9b39aaa17e,2,0,0,0.8055,5,2721342,44
c3b61544c3a993877f1279101a2e6da4c08beae91a12e09f37bb0fefa83d73b1,6,0,4,0.6845,2,375878,67
5322f9eb2195b5e97e6981a640c7c0f860aa015a792b69e376bfa6f1b5db0343,0,0,0,1.0,1,2638803,48
e72fcdabc6ab00d6736377aa79ae07330597176ce803826748bf5d9005cb0e17,12,1,2,0.8191,2,1265551,46
6f003082d128809a24c7ff4afad6aaf36ae777c85dea8c62c26170ee2e4bed44,6,0,1,0.936,4,3221046,49
b7459adb97da85dbf174dce1ce703a2ab6e96dadbb48c1a1a39b08c465b2eb71,5,0,1,0.8422,4,2847823,21
2c9e689a0f08c230d5d3ef6db7efc17240e26fb0fedb354e63ffd0fff880e8a2,5,1,0,0.7558,0,1376997,43
08a89dd318b6d1f96d5a63af0f49a82d97a0852059fed147b56807f3bdd3fe40,2,0,0,0.9348,4,3912023,50
5618fc97d11971e855ad822348c1c133e2a539ea3f5447af6fcc3cc6e7efa9b5,2,0,4,0.5433,1,1949017,41
3f9ae7f7de80cff33dd5e83572b9f324b24cf709d280c73fc175173e634d0e67,2,0,1,0.9032,2,1690502,39
5d1c94cf63a1b32fba8d1ec6ad7e89e9f5ffe0f6fac88f8561232ed0b19ee90d,0,0,0,1.0,6,2759683,28
e57dd04034b481358caaa1d32697f20a9d8d3edd8eb4889932ac3b60846ee2a3,2,0,4,0.7972,2,1731340,34
948529e45f2ca500660af0f47ac53c29b51b75ca13a7901a4773265ffa395965,4,0,1,0.807,2,1983084,29
d4cb8907efb350d460f397bd5c85716b4e3e261e4c29964a8c0a5d83c6f3c672,3,0,2,0.525,3,1075264,51
1b3c6190a911c08d062ea8ff75e03066222bda5658eac41327ce19ce8b8ef197,2,0,0,0.8821,5,3178423,58
6f6cedef8df31bb2bab028a204cc6171276acbe1406658300cd44810efeaacef,0,0,2,0.9963,2,1999414,63
547c6e8c37a6bd18fc0729ca588e41dc819195ff1da4f337f567a61a76168bf0,3,0,0,0.7659,2,1123483,29
22c68b349d63316706bae6684f42c5de383ee5dce72154597a92517871b6973b,5,0,2,0.6898,5,1907936,31
e2e5f0c8e7e12a61c9469c5c198a5b60c363d431277675b66c1f046c63990d37,1,0,1,0.8972,2,3403031,31
fe47e2e0bf581d75ad97bc553bceeff0c383f737cd16f0acca87ec8ca07153a9,0,0,2,0.88,4,1665422,27
c56e4b3b398cc5228d63211be53f5ddd1fe1b7598c7c48ff67188c4a89fb5afe,0,0,0,0.7784,7,2631199,27
d475ee4c8cbff6132c39f32572344b4bc75e07348953cd6a6a4991d6ecc53d81,0,0,0,0.7979,6,3253519,33
af8de8bd6230ca508c37e880b9cff446de92bd1fdf2dad4e53864ead329d523d,2,0,0,0.7396,6,2084439,50
b3f723ac4f09f78429c7459783184151258db7aabe0d41e98929e265fa43e129,3,0,0,0.8139,2,2368905,31
d07359559dea6e09c9c00c0934aa57490935920211df61144f87712ddc66c371,5,0,1,0.9443,2,1852992,52
83b6509ac82c5168cb353d5d41fcd5b2dd5035c63614333452a63c246e8af2f5,4,0,2,0.6442,1,1494478,56
987dd5049ccedaafa87186c33fa6015a4a30212b7047d0a42733e36a3f848664,2,0,1,0.8268,1,1759364,43
22b43dc8faf97651c71f2c6105f8caf9eea11ff3b8fe984a9321db7c4264f26b,8,0,4,0.469,1,585514,54
5e8bf45cfe5155cc627fc6f559fc2924241c2015520db4e6f2763e245737d04e,2,0,0,0.8307,7,3406926,23
3d6addf2508194256573b58602cdf5a9e2d038a53226b02ff28bd4cfbb0e5702,0,0,0,1.0,4,3508932,33
96fb1259c4e2c41eef312ef4db267206478fb7eddd42e059f977dcb7b207ac10,0,0,0,0.9262,5,2784373,42
6fa1b9f66fab895f776933eb59d2cbc3d04850cf61acc8c5292ae43862d5685f,1,0,0,0.9673,2,2834842,42
3cea37ff4d0386e6d69f414d503cf62cc372715c8688a6dc906ede74f5460f04,10,0,2,0.4186,4,1161687,57
011fa48d47626033df264886b3855a674556e3810f52f89c0908c7f3129baec2,3,0,2,0.7303,2,1945924,28
ca0ec7324c1d907975b87579582cd584f5e6a19f71f9897b9ab459be98c0caf5,4,0,4,0.7962,2,2253867,33
1254aa37a581637a36ceaa4c6749c188b239b15cb2333214f1e7f6109da68b59,2,0,0,0.8721,3,2990010,38
5eb9841c707084da4102dff34b78fc08ba4320cb203a8bd8f4bab5f70f95da72,5,0,4,0.7377,0,1637203,33
d67a5edb8936331eb618fc1142af2e00db1cefe54d735adbb780fd4395291910,3,0,1,0.6547,3,1856212,27
2def0f62f4385dd062d8177ca28d2e80ad9e1024348d146f25b856b8bb0e5590,5,0,4,0.6841,1,709385,34
95807b987d77c815b209da1aa967d01a627721fe8581945671158e49910f9e48,0,0,0,0.744,2,2233369,37
9d4a2f13cb1518590d794a882e4e96080444dc0e29e4187893bc024cf08e0e89,0,0,0,0.8371,4,2923194,57
feae7505ce535bb59da24a521f515b51c057b85fd521fca9f2adff59cc5bf492,1,0,0,0.776,9,2277673,27
e54f029e72dc651857a543719aa38017d66059620aadbd723b5085e675a220ff,2,0,0,0.8738,3,3077867,49
e8a90879fdddb905719a1999807c014842d0f34e66e70c13673206940e56c0cb,4,1,1,0.6571,1,1553342,55
597838079a7ff93e5daeb6f971851fc4261ea9329f6bae27a504e26150a9b37b,1,0,0,0.9238,3,2413959,33
99e1aea6689fa13f0a46d365df5c39643fb5eebfe013f144b28008155d0b53d4,0,0,0,0.8743,7,2701391,43
d8e1808af230ae6de412a9ba5fcf6150fc95da1291949f1a85796aca55011758,1,1,0,0.9333,0,2740463,46
6a08a7ad76da480bb1aee704211f9965c68a1518e0b4b31e715b91caccdb2a44,2,0,1,0.9459,7,2565405,44
786cc18985d2213ceee6ea2564814f5e5cf87c94df6c96c5d55c38965d5220c9,2,0,1,0.7749,1,2659537,40
22ed0cc9a640a90a0cf6daa79935b609b75af07cdf18cef55adf9bd033baa22b,7,1,0,0.6766,0,1259208,31
06159e12de7bd31a32b2127cdf26a0ec96d1f5a51ccb602ed42b2d4a27c02f43,3,0,3,0.4266,2,1097062,47
39bde9a2dd080f19c073483ede856ccccb6678ab89786b57d951f4a8a5a85768,2,0,0,0.7587,3,2951221,35
ef737ff76668d4e6262440f2387b4e6541cf364df16f2c1be09ce1d3e999de4c,2,1,2,0.6725,3,1223039,40
18d870308fc2950803f4bea0b3eab91563aba051dce8445b6378da3164a8ab6b,0,0,0,0.9108,5,2804932,42
ed9a87fd77450c1c40f303429a4e9637269f452b1d84d60eb111152ddbe36172,8,0,4,0.439,1,100000,50
9f243efc884423d8b3365055e5566ee9ef883b3a64295604f733dd338d60bc5a,1,0,3,0.621,2,638565,63
49b548c3e81b509c201b892bd0f5adfebe22d779858ff7df4ad731f8cb6b589c,1,0,0,0.976,1,3663703,31
8de04fde5f5e29d1bf593ce450a3f6252016c1c53ccb501a38b951738b6af49b,4,0,2,0.4665,0,1065601,40
4069f0a7f325890c5ff4c1a6aada8824e4fa918403756d269652b1596ce33536,5,0,3,0.9656,3,1357393,22
6b1ddedc0f34c531d66ff082753ae332ae0c075776740e516e9b69286299dd56,3,0,0,0.9645,3,3444621,57
41b9e55dd4ce9b440018f761b14ef286a63fc8a35aaf2aaabc6a6ed85a998266,1,0,1,0.7076,2,2597400,40
ddfdbee4ff47640db1e5df481393becb5517f3a317f6726d3ca8e056356e800c,0,0,2,0.5793,3,2536744,36
868f17788010f3e5a04ef638edaf231ebcf22e60fc78872785fa1b3369dcc854,1,0,1,0.9813,4,3619453,40
b5667596f5659031e6384290dafbe8167b2c36f87393617110af4d78d9d6ff60,2,0,1,0.7548,4,3260520,41
1f4e758c8ed8b6eb2deb8fbacfdde077ed288152e642a8e519d2b0b7290c7173,2,0,2,0.9041,6,1877455,31
2be782cadfb04d9ea1e7bdd52be283cd1d931f053b43931a0486e10d6b8b195b,1,0,2,0.8678,5,2677283,54
4c06360c65d824162034c69a8359e4fcdbc72cd9223b240f83210be1d59a3da3,5,1,3,0.719,2,1309417,47
fb5ac14924bb1561cd080489a02b8c2f27e932defbe356c7f087ab2b71b13c2d,3,0,0,1.0,2,3769254,49
5b15c752b726e0a81048b98b48489d6d116e915a10bec827a1643555b7a379d9,0,0,0,1.0,2,2504086,31
7bac69bf96b07186aa0cadafd095568a0b4491b451b8bd1ad81f7c31c2062c81,0,0,4,0.6191,5,2582182,31
4996f19617192f7f3c8d057876d20831b5a26230096ca27879d1de921c1acbba,2,0,1,0.5175,2,1596777,38
211ab044ca1dd507279fead5ba64dcc1b7f35397359f45d127c95389df3141e9,1,0,2,0.8305,1,2566874,49
e3e9717e2a1ecde79e2be50f5dd6ff96ff77f823da8b4619a8e68dc23d9075ad,7,0,1,0.8043,2,1186246,46
0ceb1edb0ba59b5b2bc3be715a1674bec91891df832857329e9fe0a11cadb088,2,0,1,0.6795,2,2801362,30
880be7a651ce5ffaa063f97130ae785f89de3da50119f7903915afdcef9d2dc7,3,0,2,0.5392,1,1727778,48
d15161b1cc25fd7d98cbbaa64e001150a3326f38a6fa5af5375b3816f945f784,2,0,1,0.8597,1,3051283,28
137aa2cbc0ffdc5461998d548220f83a554a49187d846232449fed55cf6e028c,0,0,0,1.0,3,2831489,32
9a91bcb6ecec36f5f89a4f3b2c5b674d2346946aab8f8bbaba4fa6c45d0b1c81,2,0,3,0.767,3,2376527,41
b72b212244b5085388a67a28e0a8b85981b2ab1dd9fa9a081a35c740fb1cebc5,7,0,1,0.7083,0,1737911,25
c80693043f922eb1f188b4d0ff9982a80ed23096a93d1f4198715ac5171a9c52,4,0,2,0.4672,1,821874,28
7762d84bc9e0233175baac22203ca7249e09b1361bb7043c763cae09e5e0816d,4,1,2,0.5541,1,973086,58
5267500f5c8ea934f58afe3b2bac7711002cab4b15e551714bfde42b2ae77fab,4,0,3,0.6554,1,2228833,56
7e62b6ac5e63583641d531dfd6b71e879125137b278765559341912daa4684c9,1,0,2,0.7826,2,2014778,67
adb2aa2fe5241fda34cbddd056835b910a837bdcb884bf379fa9e0d4161c241d,6,1,1,0.3764,0,167189,45
