hashed_customer_id,active_loans_across_apps,micro_repayment_consistency,app_engagement_score,utility_bill_regularity,geolocation_consistency,days_since_last_request,phone_model_tier,social_refs_verified
f677301a535d76186e559196a96c59d9ec48b2c08263d1512c405e84b0da9460,6,0.7778,0.6697,0.7228,0.6885,124,3,2
6df219487765a6fc8aa12423d240ccff820c5b93ce8b04248b1c58d619c0af85,5,0.5658,0.4284,0.7485,0.2532,58,4,1
2cb0018e151b345165363bde37e8f58a33e6eca91406bbcf9c16a258c4527e28,2,0.7919,0.7155,0.8449,0.7108,156,2,3
383056df154d2d6100aa7b39829846f1b9c6d262abb9fbfcd13df5804173adbd,1,0.5691,0.5543,0.668,0.4925,57,5,1
1f743bd3819e573e17ff64b5b50e148a484721178cf482e635f395cb2a99ce65,5,0.7701,0.3415,0.7565,0.3272,85,2,3
5171e9822dd4b1cca15b6fd757893a231e62c8717e4d90de974b455726e5341e,2,0.8144,0.6776,1.0,0.8041,173,4,5
4955369e5f087b73d4ad49d6b7f7f2d19cbb074f3ede9c6cae9152575c3c4155,2,0.8932,0.681,0.9612,0.644,201,5,1
bee35f8e1ac6242f3c12e0c794f8608bba9ed32ead270685ad134042a09e6e58,5,0.6519,0.3918,0.7703,0.4151,72,1,2
5884275af9c91409304c404c6523e37abb5b543fa21b791f1d39dba16b3e6477,3,0.8718,0.5562,0.9663,0.5793,122,2,0
6eb0bd791b95af676ef2cc3cd9a8dcb4c83b6916167b38c13dbb9b2e8d82f6c5,4,0.9491,0.838,0.864,0.821,155,2,7
ce9410875fa331a99bf5857015efdf7eb611b9aa3c6a1d0aa1ee3758e118088d,5,0.6551,0.491,0.8716,0.5087,99,3,1
d900a4acedec4bf951209473d02185b9d41e573e411af1adcc88c049c7e0eac6,3,0.6791,0.321,0.8532,0.381,78,1,2
1067535af16c5cb218ca9a717111f651b86282954a814cde8ce680cba61457ba,2,0.7378,0.5882,0.9534,0.6157,137,2,2
1781ba1f7bfa76c637449dd5a44f42d7c6fac617b673e74d24111090f578d036,3,0.8225,0.6838,0.8869,0.7291,144,3,5
1af5b28e8e6687d0116cd7ae31b242c22ac58c06a9aa6eca6b16a21c88525523,4,0.4172,0.4073,0.639,0.4038,85,2,2
78bd6cd3a7826dd6e45318c69616fa1b82028fb125f390bb08cd0ebc42fee476,2,0.8004,0.5901,0.7006,0.7229,107,1,1
57bf536c58e73195e898ffeacbb7c8f4c3b87260098531f843751db11957e81d,1,1.0,0.8278,0.9036,0.9287,191,2,1
1b29c7bc135b1fa7861104438a258665bd871282f0d4da224287f7c650edd246,3,0.5933,0.5083,0.686,0.43,116,2,2
c7347415765127ab83c12ea49fc89865f5772dd5b57d0620ab6eb16a19b32a95,2,0.8207,0.5132,0.9026,0.6579,145,2,3
cab1878779b7bc3006b41ab9e63a45d333788645abdf7ca0cddf507f7a51f0bb,4,0.6121,0.3554,0.6568,0.3538,58,1,1
d51b02b8a4402c44d70ae18885160294ac275e47e4593f26658787286eb09155,2,0.9028,0.5905,0.9254,0.6524,178,2,2
0da8909f0cae30533111ced1d98a8ac9577696a8c47710b827632864a6ee8bdc,2,0.8804,0.7337,1.0,0.8847,171,2,9
8d17c33e4651391707365c4235b38302b7bc51a624e8747825edcbd2c84b29ca,1,0.624,0.7647,0.8105,0.5721,211,5,3
45a21a0dc6fb77ea43f5c0438a011f9e514b50993bbdbd1aeb921e89802d7750,0,0.9822,0.7993,0.8581,0.8866,180,2,4
9b8d3a7910daa693c501688ead7b71080b8542201ec5310ef99a920c03cdd8b0,4,0.6266,0.6303,0.7755,0.509,133,1,4
eafcb752f31f67a7be6499ad0ed1d39f4b8b668dab8a3eb31495bf2a1a0b3702,3,0.8512,0.5961,0.7901,0.6596,134,5,2
006f1d6d12f17544f30a45fe95d01485ac16dda0c4525f3ddbc4fe032c7225ba,2,0.8552,0.7668,0.7648,0.7596,129,4,5
d57e4fef6d44d70f314da3ad6cec50e9dce84494a46321b8d834159e1b0c8b87,1,0.8718,0.6862,1.0,0.5456,126,2,2
dd8ca5d2f2d7296bb4a3079742f09bed04f034ecac2141ac09413e680dea1d53,1,0.9305,0.637,0.7073,0.6779,132,2,2
cbbb04947aae9ec997d2c944b2e9f20bcd022fc359c52f0b51078ac554b213ab,3,0.8931,0.6889,1.0,0.7234,134,5,5
3f457bcab95c0a3bf245ff696e703af2b576286060bcbf8f611c3fc1854bf4c1,0,1.0,0.7002,1.0,0.8686,174,5,5
df14f7d206ec4a14cbc6279f9848ddecb1b77ec66a0d2f28cc37ad68e782b416,2,0.847,0.3697,0.9231,0.4637,109,3,4
413e6cd2c08697a46e5704ebf0705f589d07cd570c47befdaf6a673e6596c574,0,1.0,0.7193,1.0,0.98,178,3,3
20e9e1eab23e2e4879a8d484cd89c52d11f3466a968ed71f64b0aa20f0be3aa3,3,0.8256,0.7321,0.9476,0.6834,171,3,3
5e930563005bd7f130ee64664d1fef29ccc3e94a10d52846df231274e0da14dc,2,0.6244,0.581,0.9846,0.54,113,1,4
c2177070eaff469da83c667af63671e3cebf5b6e0660fed66319ea82ad907c5a,7,0.7604,0.4212,0.5997,0.364,62,3,1
20b9d1c11cf252554b69cee7761c8a7179308d80f636ff34e6392dcca84a55f5,1,0.6706,0.4365,0.7614,0.4793,128,5,3
323830cfbbc376cee1b9d208c2d0cc0ea9f1645f9407a1c4c6a5edd874bbeea6,2,0.6313,0.2153,0.6034,0.26,59,2,2
1f71639c7517cd7390c6382edc060cde0ba68120df6620d233b9d770e1502993,0,0.9014,0.897,0.794,0.8496,261,1,4
e31ec4b51dea8e4ec3ff8eec772f34012160cb277a2741b59c80243e3a68d86d,1,0.8607,0.5988,0.7896,0.5997,150,1,4
f01cb04da13dd8b38a929bdf09370646ba30d6fe3ff6e60ba1961c63c3ce761d,3,0.7087,0.6773,1.0,0.842,159,3,4
dd0254b57bd2198383ccfdc2acd56c07b1f1d8131d135287d19d34729985438f,2,0.6652,0.4812,0.7813,0.5891,94,2,2
33e60978a6ddb0cd06987546f0fc3698a343474c5af1fb3445d4c97469d6fba4,3,0.7699,0.7403,1.0,0.7708,121,2,3
30c80c0f8c537724e5281890a8c0204175272d2cf503fe7324e80a65e7bcd060,4,0.8258,0.7122,1.0,0.6367,157,1,0
938ef62882595003f5205a9ef02758eb17e0f950c3921d0e6d03249da9e7cb0f,1,1.0,0.6622,1.0,0.7782,192,3,7
a919e0b676d34f8c56c1e664f621cc1c03f7476b2a2d6f8878916eb485662f6d,3,0.7056,0.744,1.0,0.541,125,5,3
6ef349597e680fde9d4bfe931a11f89b513f9110f9e4d7b4fb92bb3f5c25b496,2,0.5793,0.3909,0.9201,0.523,112,3,1
74f974b4a05ad4a2b7b7d88e4e54d7497e017549a1f0774454418c2d0da74c52,1,1.0,0.6711,0.9783,0.858,170,4,4
bacd1106278614afced927b001d0694b2ad99ade5970b5961de1046e2b8e7566,3,1.0,0.6601,0.9344,0.6899,150,4,6
c776b12973e6fb1752abde2feb39d8f1c2bc7f4ef768381307f0c96f0bbadfe7,1,0.8519,0.5511,0.8931,0.7967,141,3,6
687d2cee8da112db3f3a4a58a9572f426af1d8a1a84a910e6414a59f22a52d40,5,0.6283,0.3888,0.7767,0.6178,112,2,1
46701b44323dd4659563f320e3165c6c42063db2388cc402e833cb934459e94a,1,0.6531,0.6733,0.8515,0.5059,118,2,4
d03e340175c43ed08c86c71f4a5a4df3adfce6afbdebe3e069c346209b155eff,4,0.9848,0.6433,0.9675,0.6513,155,3,2
f25ca36dcb0166d4d9e9eaf82b23fd25c9dc4c8a849c334a731c14ede0f55086,7,0.6593,0.5286,0.687,0.4231,84,3,1
d8b8617c807163840efc4557188719e6f1ce95654c29f8d6c4c7492fdacf5747,3,0.6729,0.5576,0.6453,0.4348,107,1,2
5903fcef7f7c4ce91ef328afeb1b5f1bea12c568d26fc9aa97d3055a1aa81582,2,0.6431,0.6655,0.8848,0.6271,120,5,5
f806282497c66537ce3ef97faa7d1c1f5d95debbf371d6217e9c79796107ccbd,0,0.9055,0.5787,0.9174,0.9336,186,5,2
6904ffff57b83fb90bed2f69f77220ad3b81fb78d471b52a9db567c10c9a37ae,2,0.8469,0.5437,0.8054,0.5526,141,1,4
71eb506ba8399d0297083baf21bf046f8da8dc2b94f5366d88634dacb24526c6,1,0.8127,0.6773,0.842,0.6719,127,5,3
d6b7f767d7cd3a7e51e95497df4aa94cdd0153c780071ce7ce53c4b10f5ea4ab,2,0.7626,0.6044,0.9083,0.8981,162,3,7
c50c784216930892ac3ef10d9cefa734301046adfbe47808e9e863066c42e590,0,1.0,0.8058,1.0,0.888,185,5,6
16151d6862a9474a2d6822cf48a12c2e2386c39a365834adcbaca804b331649c,0,0.6205,0.4492,0.814,0.5976,151,1,4
97d98e3b7fc5f3127ea02b0235345fa26b068dc35845491d05f52be84aaf8a18,2,0.6139,0.3896,0.7864,0.2698,45,3,2
45279b9af883c2f614b8a7bc7bb863771f389f6ccabb5094645f4a9c614af752,3,0.5445,0.5675,0.7058,0.4155,51,1,1
8706cbfb0618ca8fa065ba60fe4be040e5b2566cd96f7752e868aaa0b7182be6,8,0.5002,0.4919,0.6827,0.266,46,1,2
f91cdee17598c5b5423f0724de6c9dca133321a174c5027079021c9fb7751b15,2,0.9527,0.5095,0.9315,0.7718,149,5,4
b4fa11b4692bc4aef362d014bb6281ebbf19355444697a679381eefd181b17ea,5,0.4911,0.4372,0.5127,0.2753,32,2,0
6f5249e01ff224489b51d4665fafb266b602e6a6f686e0279068e31a04646953,4,0.7194,0.6601,0.7761,0.5391,75,1,1
19c20df35d6155668fd647c0d2f62c04948f9e486f5352138ca46031604f5948,0,0.8536,0.9523,0.983,0.675,156,5,9
c808a971b2a6924a0fc174974994b7f64786e1c5a3c275b02663af16418fc0f5,0,0.9256,0.7763,1.0,0.7604,200,3,4
f6e6725b18ea7f28ce47ed8944a5f6f9f6eec2651b0f9f747edaea777bdf2d1e,0,0.8288,0.5399,0.7658,0.6275,174,5,3
bd93e6f046667501f799182e38e8069f68377bb7f91d0e67d0c5ef86bcfe585a,1,0.9207,0.7598,0.7812,0.8179,166,3,4
d89d4dad89ac35fc552474b7bdea9aad58959f97f7cdcb83fc13d1c3e56d276a,0,1.0,0.8926,0.8927,0.7723,165,5,9
9ff7e3c5bc05b66f312bdf166327466750b051ad589efc0784af6d0126a6ca90,2,0.7126,0.5753,0.9737,0.5427,131,2,2
d14e00a8cb9a06045346d001f17d4fe96fa5e27e8a8ac5d2a6e2eee5001a5f71,4,0.8508,0.7368,0.8881,0.6042,129,4,5
a84cebccfdbd040f7d602b4326b1ca0d75cbd328e20ecd7b5f28fc6aa93bfb90,2,0.8898,0.6829,0.896,0.8966,175,3,2
64cc15e436c9120400002d151027d9d718f61f1321a002dfc7710a5c8270c9c3,3,0.6529,0.6858,0.7336,0.5997,148,3,2
dc55a993b8c61bbc5aab3d6def71ffe06dc2559f0057d9c43cc2c58d515c886b,0,0.79,0.3622,0.7805,0.5545,122,5,2
5738310ab8647909de75c6dd41ac6cd31c036881575ee9db1ac725704643a947,1,0.8052,0.518,0.7753,0.7099,118,2,3
9c7b88c518826c5c92e2fe82af33284c4fa214288728e48e0cf958159c24994d,2,0.889,0.7142,1.0,0.7674,165,2,1
2a18263461506554fa183472b68fad473a1027c880c5c9435837413aece0d165,0,0.8663,0.752,1.0,0.9601,216,5,3
41360688b1e5ad0426fd575fda0d9cd1426ec1c80e2f7964ba208e787c527001,2,0.8156,0.496,0.7558,0.6277,130,3,5
83965cd78c5f0e689d2335e8ee3ed16030c787d9a57af55b0e7b3546c72bfc94,0,0.8348,0.5946,0.951,0.6823,139,1,3
9634a20e50b3edb03c240e99933f69b5bf632b0216f8fcfd415b67b855e33298,1,0.7823,0.7108,0.9674,0.7415,143,1,4
9fef69fe362268c7b0ea7c67d34b75e6a45b1e8ecdaf43f4b14215b6fa897f25,2,0.6364,0.5786,0.7118,0.7131,109,3,1
ce9cecaf21fa15a1226c68c6bf67bcf66012f50ba96949bb4853d3fd292abb66,1,0.8663,0.7115,0.916,0.8721,156,4,5
aea7029eb6b7d7ca9ead46e5085e770c2e68282d7d118f8cc1c73f22ca528a07,0,0.7643,0.6333,0.8421,0.6564,103,3,1
d05a712d45c23133410d96aeb45ce849cc42215994fced0411f975b08f82216b,4,0.629,0.4287,0.7468,0.378,66,1,2
e68c31e080d972ce916f99848da262ec6d5ac6442b030bc495651d820bf04243,3,0.6819,0.7296,0.6639,0.5322,146,5,4
91facc841a358511f92e2f5fad40d1858ce7be10e3be23adc89182a48ec2eeae,3,0.8303,0.5505,0.8927,0.7501,133,3,1
f11af92771f3e4abd8e48d93d45f20d51c7c0aa35660d7d3bce0991876069243,0,1.0,0.9663,1.0,0.973,197,3,2
58f4071618d7afa9d02d020e16ca7bec489797784441418c0ed7a925e0f9bd21,1,0.7417,0.7742,1.0,0.8011,140,2,0
31bd278ddfd22128460f8d752f444dd03bd2c4ec6b2d2e921b13e630d0fe1526,2,0.9773,0.7413,0.9146,0.8687,211,2,5
198a46746e170748d79f39ccf65b41c9268c461301b858914accbfcf130f2859,1,0.9507,0.6406,0.8411,0.7756,147,2,9
048ffc66456be58d7a0425233d12f924ea83aeb3fe6a04e667e64bfa8fa8eb11,4,0.5554,0.5352,0.7507,0.5599,92,1,3
7f276d018d26ced67537be1ebf319cfb748ccf4d6824ec2ed116a9d5c6292f5b,9,0.5596,0.4158,0.6739,0.2903,75,1,1
4b64d34fad88396ea5a6f2e98d69cc0897770261a7fd1dbeee7f7f4fb5e5ceab,1,1.0,0.8944,0.9977,0.8944,208,2,4
b1809b6c0f1c74192befc05b8c6016b324793b9ff1b19a43eb76e687b241aeb5,3,0.6063,0.3527,0.8098,0.4693,75,1,1
1cd142ac183093961863aedcabcaf11ec0e004f352950c0baa67a61925eb6952,0,0.9184,0.7987,0.8514,0.7738,189,5,5
93edf3adcaa212189ce56c9a499c377d2562b844e2815b3dd48a67ee4dbd21e3,5,0.6886,0.26,0.777,0.3854,68,4,1
dfbc5a7a0938724e2a901ec2baa27e57896c16505b605496127bd89db750267a,3,0.6142,0.4732,0.6785,0.4112,91,1,0
6da093120d83cf431fd400fd38f3c3ef6833e01eb51d96b183b9e2a3949db6f2,0,0.7854,0.9234,0.9681,0.7413,184,5,7
71a2f9b0d93e106464b3cf752d132a391dc3cd2183a22f1754d9a247c35ecf4a,4,0.5849,0.3189,0.8993,0.4364,67,4,1
096695ff33a0d0e726a27cfb324ed27e40a5667cfd67fb796c1bcd6488007e5f,2,0.9073,0.5315,0.7733,0.7447,151,4,3
1c463e7455c3c0182f207bf1330e669039bfb380d7d68cf693e27f01fabe14c9,2,0.8289,0.6302,0.8185,0.6923,125,4,2
ac230d159e2a5a5e06cebf9e6584a6220e616b2d27237d1f982d52c9b0ce9f63,1,0.7408,0.7814,0.7467,0.7806,154,1,4
a7510e4b6a5b5495b68da2185d3b3b874b5d736b77f9e65f6a0532b22c818251,3,0.7832,0.6699,0.8852,0.7782,143,4,1
4bc554ab0a2000b9dd01c700e2a20897f8fb2a09fcc1b52e1df1e1f08c8d997b,0,0.9668,0.5167,1.0,0.8836,165,4,4
f545dbf1dbb4173f7aba711923731b49729f10039719909310e9e2d49ff33290,1,0.8093,0.4768,0.8931,0.6226,175,1,2
cd952f86fc9c0578bd219051bfe5164eb0291b66669c02948cf2e8b9f9434330,6,0.3707,0.3873,0.6503,0.1939,48,1,2
0b10e91996d9c86e23295335b2b4b0de8fd83dc05bf03bb0dd07cbe2809d9def,1,1.0,0.6533,1.0,0.9342,267,5,4
3359c6ce392ce9e6b0968e1cc2510cd08f6f3b2a9fbf355c8f955122e9c35584,1,0.4596,0.3776,0.6842,0.4,28,3,2
6cc369424be7ff7cc0c6bd90da70594b9e3786155ea9fa2ee4850418202896a4,2,0.752,0.5402,0.8585,0.6333,86,1,2
ed263c21cdda982eb5afe7fe461571d34c24ee5b410b19bff3e18c717b38219b,4,0.3594,0.3102,0.7189,0.3217,49,3,0
56d84c3fb1ac2aaacaa4c982f5184fe93c22e9465f49960b90bd6ffba9de0712,6,0.6437,0.6926,0.4813,0.3359,87,2,4
1c2b7773785e843436d2eced07ffcacbc4c6690a0d57ed72b7b349e0c685eac2,3,0.8768,0.7224,0.883,0.738,148,3,1
ceb91bb92c0fd29ad24bdfd64f9a0099025e674242118e19fb6d3e89485c863d,0,0.9464,0.8823,0.8611,0.89,172,5,4
e16d0825c2e2867d4645f0bef203cd2a195bc3576b46b796a5df3a7dfe445617,4,0.642,0.6726,0.7415,0.6929,110,1,2
5a179efa699037e46be807408c24ed65bbb6d771422c9266889ed832c8d42796,1,0.7239,0.714,1.0,0.915,185,1,5
9c358da304dd6750a5c4a5e173f8e20c2347be26188a6c2a713d46b623067fd3,5,0.7604,0.4793,0.7215,0.551,80,5,2
316b2c146c78ed765d5f352b4b84fb73c874280e35a3cc626c91d2b93d6be049,5,0.5554,0.3832,0.8796,0.3112,63,3,4
2000742ebee1694ff6642b4d0cfc16d0fc9fa21d6379d53c876e4b5ec285bf0e,3,0.7105,0.5491,0.604,0.3711,106,1,2
5171eeaef7c3ad22b7e8c7f0cf4924f718d97bcb98b168350c76b01325ec55c1,3,0.6814,0.4076,0.6297,0.4844,89,2,4
13b43df0251e2eb9b99c9ce9ab6aec9e58302b0eacb556ee513a96eddeb52af2,1,0.669,0.6569,0.8237,0.3947,82,3,1
1dfeebe4021f9f478685f787a012e4e6bf01fff5046bd196085f77dbd1b03680,0,0.8775,0.6448,0.9013,0.9051,156,5,2
015b62bd411b5f60a9a42167cc0f461c340ee9e08373e145b5a5fb0d7bcde8db,5,0.6808,0.5228,0.7918,0.3456,109,5,4
4375c6fd247b4611753bba8efef8a8baaad0617183b98609aa88a439e42ef8fa,1,0.9055,0.6028,0.8493,0.7013,123,3,5
4f2a7b63518bdb52daf39064eae1bb66ef4d3873b7bc86de554952617c7299f1,1,0.7305,0.5248,0.8017,0.6034,109,5,3
49e9073f6acd68fef8438cef0923e17854fee83adf6e6c49bd0c309e9776ac12,2,0.8278,0.7469,0.7533,0.5051,98,3,0
2f4c5978f2756a07c6fac835e0baa95e65d10e089d89f04b6f04b497886eb7f3,0,0.8333,0.7172,0.9868,0.7715,186,3,6
d21d247467d99be27530a5d6c9373ff841a7120e43468f069cc6c8d30e787385,1,0.8237,0.7298,1.0,0.6794,175,5,2
2dcd9b78cca47d5569802807a05a0fe7075710f10c03894f6e99413719079527,4,0.7244,0.4381,0.925,0.4438,145,3,4
c7748db056bd4a27972846fc298f393f875c91b03ae8e9ece6698df618d71b12,2,0.8278,0.7151,0.9086,0.7343,170,5,4
b77b36a1c67853e94c97e3a5c570b4c7f73598d7292406edb7b1ad809ce000db,3,0.8746,0.5492,0.7681,0.652,127,2,1
978756ffcc6508d0af9597aae1b53005778f0548ac13975e2b888405812f7719,0,1.0,0.637,0.9069,0.7659,231,2,1
e2ba98e4481e33aa91130375c7066ec296b299597122b53a2e31c5fb5fea7b7e,2,1.0,0.7306,1.0,0.8985,180,5,2
c429c1736cf3298fda186539839d312f96a021876d4f8204a0df39c009f86463,6,0.5143,0.3973,0.6981,0.1474,34,2,1
3305e3023baaba1f008e4677065bde4364646c4cefe7ff1a7c24b8abe1f4ba34,1,0.6454,0.6686,0.6228,0.6107,108,3,3
e38ee7427f0a38ff850301cfb16bb185aac39284be832356164cb0f95c945ac4,4,0.4286,0.4369,0.5133,0.2092,72,1,1
981eb967c19baf50b4b85a9b79ac9e0a971ea769cf9c3990d041ad5913b0462d,3,0.8634,0.5924,0.7462,0.7687,108,3,2
ee0db56e203dd663e190346bed7da1bab173aed92c03dae6fdb2e09792144542,1,0.8249,0.7179,0.9862,0.8244,168,3,5
ec2a45b76dd00bde0fe4a4160d3d79e3b6122b131c0495b22dac6457ed8f5dd7,1,0.8917,0.5538,0.8399,0.4022,126,2,5
3129aeac4c7640042425ff25cadec3e4dffe20171d609ba4af27d9da11c8c0f8,1,1.0,0.6838,1.0,0.8086,180,5,3
8f129e334488d36c86ce02dae3dce5dbb7b867ab260544b2ad31e3c257c66792,5,0.679,0.3819,0.7725,0.4625,96,2,2
6e68142e38db0fad6ecb14022617199dbdc792f7b1355c91b944e2b65b4b9657,2,0.9553,0.663,1.0,0.7541,161,5,4
af04f457df6b756d532c0a8084d1ca1747105094849b0d935eec2c6341a747c0,1,0.9841,0.8461,1.0,0.8088,195,3,7
1f2be7f75b7e265125c171f824e6efc94748ab14dd55b5b70a81208537ef7136,4,0.6118,0.4476,0.7598,0.413,126,1,1
28b00ef259c83903e7e1347bb9fd405cbadbf3559d3f7af8e1c09079a0128538,7,0.6094,0.3448,0.7781,0.2459,48,3,1
a0df3070af55754e5400e37537485d2bfe1d62b1e5d0aa32997b4c1d7d077a6b,1,1.0,0.683,0.7708,0.6947,175,3,3
547a27938bc1ad6dfc53418b32bac5c8bca02685c8327b5cf0eccb44b6db580e,3,0.8994,0.8303,0.9161,0.8339,162,3,3
d9a37e8ef0bd2eda22e5104282bf023296cbd8a6a5b1f102a38ef2ed64ec94f0,1,0.8135,0.5917,0.9214,0.8345,154,5,1
f4d03e13a672391bf6f4dbd03e109314d4a1037a11d86c19826a0663367e8387,1,1.0,0.7979,1.0,0.8379,186,5,7
7c17f600273bebc7632ea946bf1c9cc0d5aef54b2e330c8bd4a19e34259edc4c,7,0.5959,0.5912,0.6669,0.6159,117,2,4
63749fbd6b8e44571676bf9479fdec6914c54ccf7d5ce9b8317c6ab1ddd84fa7,0,0.6293,0.4683,0.7031,0.3359,73,1,3
63c57e0c3a6e25d88c9ba1454305e88bd12494333d27cb5479bdc734de95efa2,0,1.0,0.8199,1.0,0.8993,190,5,5
1020301a7db78e75b5d0593d1991aef3f49fb17fb1f2b1d57a92dd5fd852784f,1,0.8477,0.7341,0.9904,0.8181,187,1,3
68529d1c7912b8e8c16468645ef127d145d9797d99c447c1322432b32199d408,4,0.6284,0.5047,0.819,0.358,70,3,1
2e3b76a633fc93e521c2bcda13f71877193359fce7145cc4e8d295fa47ce1168,1,0.9129,0.7263,1.0,0.8326,172,2,4
5fda699cea327db244060d59c5307e7a44e632f9ea650eafcaa42eebb51fad3e,0,0.7609,0.8116,0.8636,0.6967,129,5,7
b507e2bce2559ff648f3a443601f4402edd21b961f0a6bdf532b115b0d668fc1,0,1.0,0.7905,1.0,0.7962,194,1,5
f6cffa2176405d23e90c559043c589583af8d008028f26bee74f5c23c1edcd63,1,0.7848,0.5227,0.8943,0.8457,146,1,5
13ee37c172b1dc5e071dfca49c81a25193507afde37a7383e1eadb5f44ecf690,2,0.9564,0.7695,0.9392,0.7514,165,2,2
3f817b19f31596eb3e0e894d6d2e99b6034a19a25dbd84c73037b93ce31aa441,1,0.7034,0.7242,0.9875,0.873,148,1,3
99fc1d63bf3979f2765c5ad2ba25f00d5038cb19807d6c7efcd05ad35e71d2fd,2,0.5927,0.4448,0.7087,0.4317,60,1,0
6f47d1b0bcbd2162861e062422178b59f518bc675f829bf0886c5bfe16b55564,3,0.6972,0.5188,0.832,0.7003,100,1,4
cf0df07afeb8f700f7e36166c3d8acebd60e78954257b60ec7cd1f16d492ab5e,0,0.9266,0.5633,1.0,0.9587,180,3,10
c9a8cb73475ffa0b5bc5a16d24e77ee003a51857a62129cb7f4e7b7e3fefa12b,4,0.6921,0.3227,0.8452,0.5226,89,2,3
8d49f4ed56c8a1a0a3629db25ca397764adbdce422beb01e774f92b5912a3ee5,2,0.5608,0.604,0.8348,0.3371,62,4,1
038de55ec6f2716734e8aa870f707b333a7cff2d0cc283c03bf2aa935e26d185,1,1.0,0.6982,1.0,0.7833,196,3,5
bba9b489da9e2c9dc610996f2aa8da4ec3f030ffc8783ea21f00060f65e1b2ed,1,0.8609,0.7433,0.9477,0.7281,133,3,4
77ba76c2fd623f594d09552e00044ac2a6453275e0005a90f8dbc7f44e247cae,1,0.9792,0.5922,0.9159,0.845,186,4,1
57da17adc0509372df591915b4b2305231e02c8045fc0de09d9ad9a91137de13,2,0.8898,0.584,0.9622,0.6971,178,5,4
1274a67e95b9584e05ee30dfb9bea56251bc3ecf7495069dcc4dc31b14c956b6,4,0.6302,0.5912,0.8255,0.5793,107,2,4
a10c536622f98281ca8e4710a256fac77f427515b587f47eb0278b28247c730b,2,0.8249,0.664,0.9607,0.727,193,2,5
15862dad0f7b86699d75da9f269963d28a1bcef199350505e782afec45a84564,1,0.9334,0.7817,1.0,0.8662,174,4,3
fe436b203563d8580328a0d03b361c277c13337a487562e39fcfb12d98e8cde6,2,0.501,0.3943,0.5081,0.2559,132,3,0
7e2e8a77400822edbb4e06cba1aa745ce0cb8b121fc5edb3fc74046432312b4e,2,1.0,0.7355,1.0,0.9188,175,2,2
2587addf16348a53a9316af64d9af83f71327eaa203f3379a56b550b0542dd35,2,0.7297,0.5005,0.9998,0.616,114,2,3
0163a0aa1a47ee220ad7c18ef2f99bf07e475091c828f827e7d3c33b751e614b,6,0.6619,0.3738,0.8114,0.5663,127,1,0
564753c8a8c0fae4254dd59e32e828dda2b41773b602e71197349026e96b3f6e,2,0.339,0.483,0.6934,0.338,21,1,1
72453158102ec66eac42ed9a1549fb23d9dcef7429e9cbc9d3e03b39cef49216,0,0.8172,0.7415,0.8037,0.5919,110,4,3
d41bfb37bbe527a56cea1fceeb2ad8cdccccf86f680cbfbf48c62508aae89dd8,1,0.8974,0.6494,0.9633,0.8214,168,5,3
f99e2f9a834fb0e794c9babb8f762fa349491d6127b1e538120485c8393acd2a,3,0.5921,0.4192,0.8535,0.6641,154,3,5
84ac1ecc42a301f134e9a851a8bb8710ab620cc9b708c92a8b962a646c5b5c65,3,1.0,0.6957,1.0,0.7794,178,5,5
2446be79167f826badf388c5df4e346d858bd8382abaecf7f4a56f7853694978,0,0.9912,0.7802,1.0,0.8845,165,4,3
d21658036330d324c5aa6d724199ba9b84de7ca370507146584150099eadbfb3,4,0.8081,0.5567,0.8826,0.5544,105,2,1
1784024616c51faa75ec2e0daeeabed29914388d8ed957fa2f69e70d6b836010,3,0.9812,0.804,1.0,0.6867,178,4,4
dc17b2a91f19db559d9dd098fb18ba1cdc020e6a74d7468d6eee5371179efe61,0,0.9277,0.741,1.0,0.7261,183,4,3
d1250ca900a79d377ef1bfd59ec14747c85b58923530f7c2dccea9c267214672,3,0.8203,0.6574,0.7927,0.7489,145,2,4
3982be93fc4142c6cd965057abec918f30e78b4b998e8ae529a88321873ca7bb,0,0.9976,0.9873,1.0,0.8805,182,5,4
caac4849709ff6eaf5e74a996177c863c162e78c6314e6c2cc8db7c98208f3de,1,0.8871,0.5779,1.0,0.6953,141,5,2
83cdf06e3783eae0af69826aca5073f81770ce9678140de7c0032c8eafadfc42,1,0.9413,0.9196,0.9618,0.9296,202,4,3
4c75dfbee37c618f13e24050f6dd77caab877b25482651f6c7106548ea643510,0,1.0,0.9218,1.0,0.8993,188,4,3
e0fcb506261ca211dc8d0357a02359700c5e807c9c4cab4d2bf13affbe4fb969,0,0.9579,0.8285,0.8907,0.8073,178,5,0
3b7e0842e59725505af21458f8926a6d7b6479b2dfc1518a995ca64ab00e7923,1,0.7192,0.4663,0.8842,0.75,136,4,1
f7cd83ca42eaf01bf904ee0e758ab92278bba533bac6def0ede64f14446ff9fd,4,0.3983,0.4165,0.6266,0.3723,53,4,2
503f18a180333c6b79cfee8b3a8054b3efd1ac46c1196a14e718f97d5f17fd27,2,0.6146,0.5399,0.971,0.5619,125,4,5
67542182cf36acc1a0137e419b8d9c0a0419eca4d37890ab76f2276c05502587,2,0.7793,0.6457,1.0,0.7189,149,3,4
a8a254ed71488fa3e739c06a930f2fb477d8df68001f34324aafa047db83f697,2,0.6416,0.4105,0.7635,0.5099,125,4,1
dcf37d3f348d99746aa1283c0ac1ca396d36aecea359442199d6ff0d57391785,5,0.8291,0.6877,0.9667,0.5885,147,4,5
e675b6234f3a9fee9cb55f5583af4374f0be4bb56620898ae46b4abb4e5e93e2,1,0.91,0.8254,1.0,0.7834,164,3,5
9d21136e1a8212d148d86d4d1d58a7be87f03b26b7ea3d4428fee802eab3f104,5,0.7996,0.6937,0.8181,0.7005,149,2,1
32d1cd51208937bdd6be0ba6f6baa62897d35ab2818abf06c284090ec82f09c9,3,0.4843,0.329,0.6668,0.4046,80,1,1
08a1e44576a02dcc5b166c5dfc0751285105b8d70e25324aff840189b0650747,1,0.9917,0.6862,1.0,0.9041,184,5,5
59142458b93ef627b86e18d3b52a4a416cd7f5f9bf2e56dd1b66f9610d205f8d,3,0.7368,0.6543,0.7711,0.6514,146,2,3
fb238493875009ffc1eedfd8797bdcab886ab0aa4e48de3f29828d70785e6ba5,0,1.0,0.9468,0.988,0.7451,178,3,4
7c7fb2bb3aed8cad59dfcb6034fecdf315e7ec69c30ec34c68d7a4c3ccdc82c7,4,0.4494,0.4502,0.9289,0.5381,104,3,2
5f77a5c909d5b1dc2d964905ec91303eba80544d89b81c946b731205e1e37ae9,3,1.0,0.8369,0.9433,0.9712,192,5,9
90e4fa0f615a8f65c86fec431b75f3d80d0f2b2663bdde9c4569b8dc11c352bf,6,0.615,0.4678,0.8384,0.528,82,1,0
d65b13f75c8afac8b40065163d4438836965164c6433ab8d4e6550961ca8975b,5,0.8601,0.5809,0.9174,0.4818,129,2,3
adc4dbcb6f7c96f35964874fc265def1023acd652df9281f3ebaff5f0a7faec6,2,0.8548,0.7462,0.8879,0.7358,156,3,0
b7c01bac01b371f02f360fcea1b25df67f7570c8e298efccbb241860ce7f065f,4,0.4391,0.3214,0.6478,0.2347,27,1,1
24f89d587fe8655504f9d5f42101702063c95121222972fb1928548316a2e2ad,1,0.9326,0.802,1.0,0.9009,183,5,3
980f0cf4156b1d56d066106621f46aabf18b8850e914fd70c3d94c060a436f6a,1,0.8698,0.6493,0.8942,0.5819,146,2,1
5e829c023b2c3998d921e9ad20dd1ae209a6f8e533c05d486547f8ea5d11f9a0,2,0.8808,0.7353,0.9914,0.7422,152,5,4
7eaa02ddc7f7d84566cee42b6e48ad09662c6d67565727c845db1504c137f9ef,1,1.0,0.7319,1.0,0.7761,146,4,1
c06f318f83dcdfe247847be10c03de6cedd3c2ce85bea4e3024cfc1e3a7b70ec,0,1.0,0.7003,0.9595,0.8179,191,2,4
60199966a6843d582f595c24b0c117618529fa97e27516f90819f636ba99b503,0,0.7361,0.4872,0.7182,0.5441,119,1,2
5d33343b780e969948d692087bf0c2cc148efe79a7c2a557f2e77a67a0efb2c5,1,0.9107,0.731,1.0,0.8249,166,4,4
123275ef9424c71c203672010abecc4a1c2368734594bff74023d238212a386a,5,0.5547,0.3894,0.6867,0.4349,47,1,1
0129225a7e1ee84622d7ea17b674c5893041a8327140c5785d5a360230b94f3d,0,0.5844,0.4406,0.8436,0.5347,101,2,0
f3b0a53163dab51679824fb1121dffafeb650e728a7b235936bb926f34a5dde6,4,0.5414,0.4322,0.6102,0.4374,217,1,1
1db9ff15f356900ae595058d4eaadff2cb2ee54caf2b9f618adeaefc7767b89b,4,0.4746,0.4524,0.6881,0.2913,27,1,0
6d15723c8cfdcb09e8711684b58f2dad9b982e7d2cb210d23acc4881dd2eaf56,3,0.8565,0.7775,0.7773,0.8218,196,1,4
bfa3a3eaf1801a7752ffe4dc54ddf53a9cd2d588c3b30d1d2669c372ffaea4d6,1,0.9759,0.8978,0.9716,0.6999,175,5,8
651e894917bbc3bab5f50922c1febcd61689f7c93321dc4ac712e1889ee3ec7a,0,0.9959,0.6383,0.911,1.0,186,1,4
5b0656c401ac8344cf5d25aadb77f9a2995ff674b3b209414ae0bb28d66833f7,1,0.6314,0.3702,0.6614,0.6332,94,2,1
71350d32bc3418a5d9b2eb5afd04ee7cb40059ab79af5351b57140a7662ce344,7,0.7388,0.4488,0.7119,0.4854,98,3,1
b4fba492fc917749e64797281cd77481679eb436eece9472cceef92e18efeebc,2,0.6693,0.5043,0.5277,0.5413,197,1,1
3674d87030459e61473a445b8295432f96faeb6709916c959f0e267dd4f92a45,1,0.9284,0.5428,0.6973,0.5702,158,5,4
6b59054cc74264cde90b672da83127195819ee742ddcbb13ca6d3f61eb7d598c,5,0.8349,0.6038,0.9655,0.6859,137,1,3
a14acb4e0600f5d60e1b12454d10cfa69745c0448f3cc6420b1a39737c9f9f48,2,1.0,0.7607,1.0,0.8388,185,1,4
e932ec01aae36b41e195ba192769690176c6d66389c7bad8ae8c9e5ca7b6eda0,0,0.7083,0.6536,0.7368,0.6235,133,4,1
188f5b92610dc045aa596ebbb789516c62e64bfe1f4b4ac301c0bf81ccb27b1e,5,0.5962,0.2371,0.7109,0.3426,34,1,0
4ccab5b1526c3c3eebd6f089615af2d1a8b686b4f9334d7a67d0056d5eddb332,2,0.8066,0.9202,0.8208,0.7737,171,4,4
34329184bd0c3a8abca602f692f063d1cb9be3e484c7b328e6275226f20860ee,0,0.8115,0.6146,0.9222,0.7964,180,2,5
db8fff779bf8909b11f463375b9f27a5bab1c6e542407cc0ca5044ae60eb4d76,5,0.6912,0.6654,0.7967,0.5725,103,1,4
34e114fcd35e5d360292fe350ab8c5bea533ce34464dffa7d1f69691feef04ce,6,0.5548,0.3409,0.6466,0.2193,43,1,0
73569ee02257c98f7ac469408c6748d2e9481a9afce290522db10c43b41ee953,2,0.8659,0.7613,0.914,0.897,159,4,0
7b1f13fb5c3b3fed53553ae2a600e550b6be94debacf82a2779041597e574ffa,5,0.599,0.5284,1.0,0.4081,105,1,1
08761df58e58259ecd2131ca64c0f3e9e087aedaff47f816fca9c3eede9669f5,4,0.4686,0.4609,0.5843,0.2606,98,1,1
ae26a1c7bdf404fb193bc2d1bc381c65107a5f823c30fa53d4c0e692fab80027,4,0.761,0.4782,0.7811,0.4991,81,1,2
a5b9ce73c7bce9c9234490c328d01afa39f742a03539e714bc491401a4310899,6,0.6966,0.6712,0.851,0.5358,96,2,4
f53dd7b748ce80e76e45494ac9e3a914b1997e81ff5ad83996a85683984da372,4,0.7336,0.5147,0.7949,0.5938,177,3,8
be3ffcf4ec27771dfc75ef39893c381d34599683325798c42d579890e1bd1bf3,2,0.8842,0.7254,0.705,0.603,146,5,0
19fafc031fa32639e4c40932205b93a1ebfaf03ef78d14bce20a743f37b373e5,1,0.8105,0.7134,0.8611,0.6437,185,3,8
f21192fa56c005772d54daaa50559bd2dbe376a5f54d4639fecce90bcac20a1a,0,1.0,0.6707,1.0,0.9112,193,4,5
8268bcbf83dbbdd42bf5c599ecc4c1f574fa56773293cb19d3db353bed1bb14f,4,0.6136,0.6363,0.6787,0.4922,58,4,3
74fe7da75dd2042b7180fc82186363350d819cd55f342fe39dc817105a9f0a20,6,0.8349,0.8062,0.8339,0.5521,142,2,1
3650e4cdaa038eccd8a052641bc0675ff9a77bf735bf5a38fe66e9dae08c58d3,2,0.95,0.4274,0.9589,0.7484,129,2,3
213401a03d917a2b3380ae71c3f598dda9085ae7f866e17059295e3a7057680c,5,0.5052,0.4606,0.6337,0.4746,114,1,0
868243299ab86e13320a696e4fc895c0a3fc4963fb2282c8d5c30ebd46e84f4c,6,0.5309,0.439,0.6458,0.243,45,2,1
4149437da828f50e8320b95b7210be1be69d7a91ed5b1215110c37e41a571f76,0,0.9992,0.7595,0.7809,0.6229,158,3,0
027b4bcd354734edf1400aa6eb27f8c39d31e5d0ca690c275b89e24941b17ef1,2,0.5377,0.6092,0.7582,0.3349,90,1,1
27ff059082af0b5fe9b79fb14faecd2ec3b780c7114d35383f6f68f991b7b825,4,0.7392,0.7631,0.8889,0.6177,153,3,5
6cb7f6fdf605ef958a20a6560332665b43a5d54acf959fd5fd0212ceadfbc3fd,3,0.5743,0.4909,0.8111,0.5535,93,1,2
f11207ee8967169b7fe6af643e692363ff033ae0843222b26918d42f182a2893,2,0.9145,0.9348,0.8111,0.7605,173,2,2
c9dca756acdd557308af895cd88f0b5fec6df5185433e093702945a87b22d800,2,0.7739,0.7993,0.9053,0.6873,181,4,3
ac1f7d31853e58d4c516239fa80ac3eddae46530e9fa1efd020ede4b32a77bb2,4,0.5168,0.3254,0.5206,0.2966,61,1,1
4b25658dbcdb2da8cf53d0c0c9afaa068799a699676801fd452fc7d5580d349c,5,0.4693,0.3964,0.6967,0.3087,90,1,1
ee08c5dc3a686e1b81623adb72b84098c84836dfb86f9f94288891792f019df7,3,0.7436,0.6245,0.9083,0.5214,112,2,3
ba9eeeaae5c23db9f86636ccef6df869c4920870597634772acf433f5661b3de,1,0.9162,0.6166,0.8846,0.676,149,5,4
0f725a6485480540d3ee320bcdca5239bcea4592755e5dcb288f38b3ad6c8ccc,1,1.0,0.7232,0.8347,0.7832,174,4,7
f92397a44a53a00c572d5c798640023f2d83335b52e963e0c168a113ab6ac7e3,0,0.9251,0.6691,0.8464,0.7803,192,2,5
177b5085ba8b2e321ee4dde7681a89fc0d080fbcc4f1f421188a923bb02b5610,4,0.6721,0.5826,0.6365,0.6859,122,2,6
98af8cbf51a9290f8cbca790cda90064230d2396bec4a8f68babb8375c705486,3,0.7134,0.595,0.7219,0.816,146,1,2
c0023b0c3c13e91ab27cc7a6c3c938d62f2211ca8723c7acf97d6e50b064a9ea,1,0.6464,0.3577,0.8186,0.3819,84,3,2
f48006cfde17c362562d962fa01f74b6b4a72c1719d57ec708b14629ce8221b0,3,0.6539,0.6298,0.6262,0.4513,84,2,1
32543a760484e917c829fc35251b00fbfb995e55115da007765af4621b0e1eec,2,0.8488,0.5545,0.8672,0.6541,151,5,1
614d209898b8c12cfca5d7c464597640d4b98cc9fa8e1a8b91b49a1b3c5b6ef6,4,0.7147,0.8262,0.8619,0.7473,147,4,4
055a4df8c10da7dbb9643a8f939b4805ce9f0b405aff4639de71362277a19881,0,0.9983,0.6942,0.8379,0.5362,175,3,4
ed8d9656781e1b254bb5aaa68ae1c21e205d0a90476687929196615580b067e0,2,1.0,0.8537,0.9643,0.8048,203,5,4
731ba51a765f0f5349c5c32e7f802769e1d2c2959d4f7cc3261e4db2e6a21da8,4,0.6805,0.6104,0.7041,0.5072,104,1,2
f30ad14f92ad82eb4852cfa009807c458255d8b02292035e7bdae15734ef4728,1,0.8483,0.6852,0.887,0.4012,166,1,2
b84b63ee04baccb9a2cfe52717f341e8159ffe5ad7e305c57a03c546925a208d,3,0.7375,0.6905,0.797,0.5599,131,3,0
ce0f272405a8e55cf7897e4d32534eede9768bc844a81cc5c2b7e555ba24f208,6,0.4325,0.3369,0.5721,0.1733,20,1,1
99f0f35cc7c58ea47e65b00f00cb8efd9a315dbdffc59fec7529ef5e17e364cc,1,0.7332,0.7721,0.8397,0.7126,165,1,2
dcedc28701b67479cef95ea60239579da9e2e1449d5c05746bf725af8dc3e13f,1,0.8261,0.7806,0.8545,0.6054,109,3,3
774a254285930e7a5d97336a28e9a22e8aeccf10f6a8ebdd2dbe76c6c42d9ed9,3,0.5561,0.5129,0.8463,0.5642,94,3,4
ab4aa9b68a081366561e98452d99470aeb270de5534fd4ac05304f1db903626c,1,0.8385,0.8409,0.707,0.9218,174,5,5
4497cd41b8c1820fc349439bbdbdb37e04e65c91c6689e254b8dd88d703f7169,3,0.6066,0.514,0.797,0.5024,112,3,0
72c7e6739376ad954f6c34444f1f6a2613d149f1d767e4df33e9d619d7eb8d89,7,0.6062,0.4343,0.4925,0.2608,46,2,3
035625fe0ab52fa13bcb9c19bfa75ce2badac0656c36796f6598cb767aa52e67,1,0.8011,0.5748,0.7823,0.5641,117,2,2
2caca6641660e32a16cc5afbd53b954ff0e09c4c72e2da6b297831395497f4bd,2,0.9494,0.5339,0.9489,0.8852,168,5,2
f3ee35c245e25fbd1ba3226f67b375e2ebf0d49d7796072fc7e7ea33c960ea64,2,0.9712,0.6881,0.8913,0.8539,212,5,5
ce5777fbefa634fbee78c0e4d438e5d530066e26749ac4ed4da60f3632120431,2,0.7612,0.7086,0.897,0.6203,117,5,5
fd5fe29d347d42a6a2358840f49599537d577d01043742d8c007818646f906fd,1,0.9963,0.6922,1.0,0.7819,177,1,6
1a321694113c58f782d793b17e7f0a5680bee76d4a85c7be93be3c27c1120c90,0,0.836,0.6453,0.7253,0.5814,98,3,2
2559e2077a1e6897878dfea7d430cc8dcb5d8a4d1af63a348d55a738d9189d4d,11,0.5854,0.4893,0.6557,0.4775,70,1,0
9603392fbd4ac5e6961240568e1ec5e0ebec2fd5bd8b4c19d2c7cbf51806b7a9,3,0.8811,0.7329,0.958,0.9314,170,3,4
c677c83087cdac0dfa4b1b11b22d3f2a6374f159ab589aaeb8587086fd9cd3b8,4,0.5354,0.472,0.5108,0.2598,38,1,1
b7c12e558b5baa5da13215eb8032e3abc340adf20b415b84c0792a0a77719e1a,1,0.7487,0.6093,0.7453,0.4843,112,5,3
5f8e9855c71c57420652aaea555a1c16c84a6c90e11129b8c96004707e903e68,3,0.7425,0.6201,0.9573,0.6498,112,4,2
eee78a2167404739a1627da29e0d159cfc5b1332f2b3f46f8a901356843d6090,2,1.0,0.8427,0.8022,0.7849,172,5,6
e1a3b7a2ec54846859260cdcaeeb5cca1b5258e739d2a3491f2b4e30db915a42,4,0.8052,0.6714,0.8468,0.6555,132,5,2
d8aa77a6b7f7f294a7893af24fbd80c12f2c63f6692d829fc72fc72c517541b0,5,0.8806,0.5275,0.8544,0.8491,166,5,1
49c6fd4c4269d6a76b3fc20b82b45e3e8961103de5b2cc195ad800f1b55ad085,3,0.7815,0.5551,1.0,0.5005,159,2,3
50956162485fb510baf2ab2220eb0d2fe189f19d8c05cc1582af962f9e70990d,4,0.6789,0.3328,0.7168,0.663,110,1,3
f7789a3f9838dd7e2cbc6d9ef31d8b3261bcef136c789ba14d74d58e1bb4394a,1,1.0,0.7914,0.8925,0.7469,164,1,4
f2163d91b172708c84e71350a3213aca615d4336391a2bc87885219e5e3e1e8e,0,0.8066,0.7038,0.7483,0.7092,136,2,3
2dc20b276161b404b46c19e8d4baf91905f9afac41fb01284db3dd06b71544e6,0,0.9705,0.8898,0.9975,0.8852,210,4,6
1ef98f8d9b492d920ab70a757e4bd58747f68de293f9fe5fb358117d651d707d,2,0.8941,0.7254,0.9282,0.7488,165,1,2
baa70c872199ea23d87c2b37c9be240af46e15ce33c029a76e2926139cddb414,1,1.0,0.8411,0.8669,0.801,198,5,5
135b267ef5afda522491f7104cd9e6fe5d9e64f30bcf355f8cca24a7476081b2,2,0.5273,0.1968,0.7425,0.3448,25,4,0
76087e455001f944cd16510611927d79c9fc93d8ee244a5b69b21b78f0a9e727,1,0.6231,0.4272,0.7375,0.3654,87,2,2
1a8231a136771571b2cd1ae8c9ccf79291d1a63560e193d5f40111d856e3b80c,6,0.4827,0.3273,0.8202,0.3905,78,1,2
4c9953e1db1a4f05ac26d3708415d33d2a95c964a395bdc51d005e127c58c6b6,2,0.5135,0.5249,0.7758,0.7101,103,2,1
5a42f92d1e2d69ee69be704059d2f21b8aa71dd21b358538ec7f999108278e30,2,0.929,0.8175,0.909,0.7005,162,3,1
2d00cde505c2b4985409b22f77450933b282eb832e628be60e177fabb6069b12,3,0.7123,0.6403,0.7635,0.4694,107,3,0
4b0c5112213d3f4418b70a12d6b3560a00e164feff7e0f1c2747f8df9c8c558b,4,0.8112,0.7103,1.0,0.5625,223,2,2
ab579601ebc8c0efb2e0b0bdb1050feddd6c8fa67fbc9f22cd029a35fe92c450,3,0.6998,0.4854,0.7744,0.6342,91,1,2
9ae50b50a9ef8eb1a77bd26bff83c68a94ea65a9d1222594d67e2a4d6b4cd5b2,4,1.0,0.6161,0.9333,0.7375,221,5,6
ff68a2b7bc084ac3419fc37d98b245ff2ff916775947943468119062b8f36d17,2,0.8266,0.58,0.7632,0.7307,107,1,0
a12e5d92de9765e75ece9804b1fe8880ba69e1feb4f8efd5f5f86d1547c3417e,5,0.7695,0.6548,0.7434,0.5731,94,5,1
27458c1f0f580b69504d2ef7cfebb116ff85be589c34fc0c962175a82e6ba8b6,1,0.6189,0.5825,0.817,0.5495,135,1,1
9e5cf0eda43473909862fec5209fd2c5f94fd9d2d2c8b09f011b864f91944fd1,5,0.4855,0.2632,0.7793,0.384,82,3,1
a5a30ca1c3898cdc79ba884c17dce4c184d1ffcda8e9dd7672840b9a5ac6e1a3,1,0.5493,0.594,0.7584,0.7742,168,4,2
a4ebf536af66dc260ea4bd8c4191981a8bb7534fe6fe35ef936ba8f24e6e4cf8,1,0.9695,0.5411,0.9586,0.63,175,5,2
70c576e5f804e2c9b4ad4340dde4a66e2b2c69cfa87f70521f660f7cd4253103,2,0.8267,0.6621,0.8437,0.6115,130,3,3
9bdf2b103121a9b0dd0cb8b6c7b6da988f91ed3d8da57e318c02d7719a83116d,4,0.6927,0.3953,0.7675,0.4092,65,3,2
163d555e27fc62bf0eec092c57c1181f1486e3c0a829650810de9a52f36d2baa,1,0.9465,0.5881,0.7576,0.7575,229,4,3
2571ec89544e9888a3084f3bd4d2f9fdc0d08d4d7934a31a5fc5f096923bdb20,2,0.8848,0.7961,0.8389,0.7919,155,5,2
80a5aecf167d2cfe08e885b21533fb4ad9c566b35686f280a8c48c867757606a,0,0.8396,0.7599,0.7866,0.7442,174,4,5
d73e46ba8e6216498f7cdc00ee52e873d521281ddd5d19acaa25a9d98b5772a2,0,0.8633,0.7643,0.9562,0.8326,166,4,1
551dc652a5eab7decda2f8dea1e7fde45da70c16e8947766b95791a18e836997,2,0.541,0.6476,0.6126,0.3779,125,1,3
aa6ba8d4f73242fb7a979cbf02be1844e9eb55e5d3886be63fb534cca451ab66,0,0.7767,0.7426,0.8537,0.6257,198,5,1
67c2746656a02d1548a035e695e1abd46efd9a0041af48bde07c42fbd5a0c7f3,4,0.8522,0.4953,0.6884,0.5942,101,4,1
4f8338001e4157da3b8115799c279ec045f4de6d5054521b4941d81e0fe68ab2,6,0.4082,0.4456,0.6346,0.3884,41,5,0
aeb6b650bee4c22e229d76a7331038a7454508a3a8c046d08c3510eedb9d10dc,1,0.5751,0.4304,0.6148,0.3793,67,5,0
a41b968479b636483fd626b327b69082ecc0309d7e704eeac1e9a904a8b3c432,1,0.8299,0.914,1.0,1.0,234,4,5
acd7ece98188c0ffb7c7558d7d861cdde6e4b4d20ba6cf0c289a68d53b000a08,4,0.4726,0.3688,0.6805,0.3639,25,1,1
8d0e003ca9446a8d98b1be869871e7c3806f08e3e4a3b49ec32bddf6ebc95900,2,0.7058,0.593,0.819,0.6245,114,1,2
441e08e925de17357bad6c99ae955a2b5597fba6886a21402e242d4a346e4dbd,6,0.6695,0.4042,0.7685,0.6143,113,2,2
e539980cfa968906d4a8935d8452d6cd13143a037dcb9a84d970646400e909fb,0,0.782,0.6867,0.7007,0.7351,142,1,2
4a770bc3fb9307dca719c94c6f88c99f2163b2eb87b68c265ddfce868cca88bd,0,0.8974,0.7087,0.8857,0.8714,157,2,3
080a1e78926d8f0f7422ddd4f49ce846a8bcb01872f0c35841ac0eebbad4eae0,0,0.857,0.6147,0.8576,0.9096,171,2,5
904d1fca053bf8eae6cb3cc4ef0ea888e28d0260c275cde423114a66d1026f6f,4,0.7396,0.57,0.8584,0.6736,115,3,6
083a3d5f1b1ffc298760194999b417e10bab1e135b6840fbb09379cc708e7f9a,5,0.6129,0.3905,0.6995,0.22,26,1,0
55a25037a214cb9910cd20f8f038def60a653a1f7a1ef7d18c7739581cddf624,1,0.902,0.7064,0.9579,0.7664,152,3,5
10a8dbe7e6975fd415075042878b298384f54492c58e4324fbdf1167a60e07b4,1,0.886,0.5283,1.0,0.7632,144,2,6
4b66fb20960742ccbca84e7d8ea53e03f620fcddc097d58419e214b6c7377fe6,1,0.8557,0.6834,0.8717,0.842,161,5,3
9e890ec4a6648059f3990362743540fd66949e8f819baf5e9d986ed8901135d3,1,0.9135,0.7334,0.9232,0.8661,178,4,4
3f7d97e50172fb9a07948baa5e12550e50a167de7f256601bb68ffcb82c5505c,2,0.9551,0.7835,1.0,0.8044,188,3,4
5ff3c327d84992993ffeba230c68285440cb894060179883d2cb4db10881ec88,1,0.8496,0.5163,0.7828,0.6176,91,3,3
fb7c65b251960f4f9dc6611edfc753fdd29fe35330caaea6c739d729f4bf2100,2,0.8707,0.6702,0.9044,0.6902,155,2,1
fc33def2631235d91af9159731d4f1861d5730da6742b6d3099fc6ddc78bca78,0,0.952,0.6909,1.0,0.735,182,4,6
d451e715eb9ca3c9803b6eb9a0cd78cb90fc52fe6a83aa63fed993fc13a02af5,4,0.738,0.6436,0.9273,0.5654,156,4,7
cb088f0de3ffd779085a5e4565ba4952564635ef8a138f3a8f0c65f03aab631e,2,0.5815,0.7312,0.8489,0.5934,140,5,3
5b1a51c831d045dc5236b3859be146e721fe126d49e8339ab44398d68e8d86a5,6,0.6492,0.5881,0.7396,0.6642,102,5,3
636dfe1d56d0c9f93ef56cc9a66c220a2022d63df73f7a476ad045bc7eca3a73,3,0.8957,0.6967,0.9361,0.6586,117,1,6
2515d92b9d8c5c8a0c2896f1fea9aba0d2cbb51777081e9fd4a9640bc88c4626,0,1.0,0.8867,0.9994,0.8568,196,2,6
eb857877660a3ad4627cb5cbb91a4674f4ae1b3e311e09252aa5cbb90e139bec,1,1.0,0.8489,0.9218,0.7986,150,2,3
16d3375a3da1996138c6baaf4b0aedbccfcf810565e48646c497c0a83eb72002,4,0.6003,0.6269,0.8197,0.4653,76,2,2
f9d968487348dc8065818a29674aa9cef018ee7e0ad597f7f9f588a7e3810704,2,0.5077,0.7032,0.8855,0.4503,94,2,2
bf44ed672b7b461b845eca3100b1e39c71b8d950b4635319ecd2dc7eaf79ac82,3,0.3298,0.2001,0.6673,0.399,13,3,1
e36652b7046f866afa44b2090e75e9975947ab82e0361204d7df2cc3aac46b24,2,0.8091,0.6792,0.9399,0.7502,122,2,1
bddb54096040f46ffdf682673785cded41172022870757cd6776920f7ddcd79c,3,0.583,0.5585,0.7544,0.4196,65,1,2
88fd4b4888a4b7f6272436eaa9e474c13d5a22e4c36883305e260d0278598f05,0,0.8446,0.8111,0.9524,0.6512,202,3,4
b0b3a2273b3b57a06f386d9d8a42755a203c63413fc97df41a3902c81fc90b6a,1,0.8907,0.6672,0.8823,0.804,169,1,8
29388a060b435b147c9e0e683c1ce4fa770360e8ea2047e2a44352812a096870,5,0.7466,0.5919,0.962,0.4613,101,4,4
063e4b028c51f964e2250b6000bfecbeafb4d476ed7d967881ee3b7e2e14b790,4,0.5883,0.4978,0.6289,0.4742,104,2,0
68419b680b41ea0e83d20261ada4d651fa4cd75b2e49503de639a99c93f6bcac,3,0.9065,0.8863,0.9522,0.787,149,2,2
1de923c09cdca414e43a7e7ce44c9ecb466626967bd8129669401f94fdc5c027,1,0.9391,0.5975,0.8153,0.7835,200,5,6
35623eead4cd45f8fa8deced6a863fd915ea85ba44081570ab60776125eadb1e,0,0.8139,0.5926,0.8858,0.6009,144,2,7
639def3718c4e73a6ee518bfa93bb891c73b2c281ef47d2caf28b2cb7bb622df,0,0.8806,0.5782,0.9103,1.0,187,5,4
1308fb95606d73d9f9a6ef51d03ab670186bfb733154114af752fe1e06f455a0,2,0.6836,0.5793,0.8254,0.5897,142,3,3
22e012177eb264e0c487d0c2fa2df10bee8c1b768c1c9fa7dccdd92dbb5b18ff,8,0.582,0.5531,0.6556,0.274,18,1,0
948810e328a0d5bcc29b8da19d6ea35c9bcdb2850d2ecbfc6df7f7a94047cc92,2,0.8307,0.5804,0.7322,0.5649,115,2,2
b51592ab207ae1963681bd87aee9219a0b9cad9e9bb093e1b6eb13a32f861056,0,1.0,0.771,0.9658,0.7203,172,3,6
117b15cede571e380a0c5b042881e3db4628aed4a1dd5a4f50595fd66e2f15d6,3,0.5234,0.5103,0.8636,0.4107,81,1,3
ccc5c6f213194d34a30808595ecd6e5c9ec2714c5cc519b75e49cab54585db32,3,0.6075,0.5571,0.6838,0.5504,116,3,1
570e1ccd5a23fbe63cfcb93db0f4b03be37b3af5b6e02a6c8436ecf351c9e43a,12,0.5321,0.3736,0.5442,0.3085,33,1,1
f10f9dcb80cbcb5ab5d0f4292c6768af3fbdb4c1ff6a973643fc8876869498c8,3,0.9327,0.7229,0.993,0.8096,155,5,3
4861835f22b06d9502f30cd635da44715ae7f27c6cece4f9e2c2d4ef3379d1a1,5,0.568,0.3463,0.7124,0.4443,55,4,1
8d43a4138a26ae48ec7e17970f024e8133dbc44959e26df5b521c99133a4e9e7,3,0.7597,0.615,0.8747,0.7333,125,2,3
44c93eeec9f4e23037b9c5434438a17732e726fb3a2208d22054deb6b6ebcaa9,6,0.3322,0.4153,0.7351,0.4018,52,1,1
3f56ba46d23f640ca3ae7e74abd98cd0195e3451b429250038ded84b8253e4b4,0,1.0,0.8544,0.8898,0.8773,186,4,2
cb65b28b54b038f3f33ddc0455cafd335864fdd70d3a2f2c4d61ec0883a04844,2,0.9258,0.7889,0.8353,0.7906,170,5,4
24bf389f7df23e2f34351fd10cc131c216c6d7cbfb0eb74ce88462a2face04d1,2,0.8507,0.7544,0.8724,0.8287,165,3,3
5adca8f5b3eb84800fd4a7e03c1a11d56b54f5654f66ed43894e8a46e15a97cb,0,0.9249,0.8239,0.9558,0.7316,227,5,3
661d79d1bcb367d42bf0701f812bee184034686d164cf0ffe21f2b19e7a4c901,1,1.0,0.85,1.0,0.8526,190,2,5
75e0a3dae7bd856dbbed5f7fe3849015bd7c78a07595a9ff917dc94440d77896,4,0.5049,0.3707,0.534,0.3128,61,4,0
620414381b71bfff7971c21443b79f00e9ae78ebbbbd1c9e5d86e89804e23d32,4,0.8362,0.4813,0.6765,0.5614,101,2,0
114eca88fb47117ee9717037b066acaf102fbbc586e21fb2c582c68784d4637b,5,0.4891,0.369,0.5286,0.2508,55,2,2
7077fb73a47d0374b162d9bfb620db563520176903694c5c2837c0c5c2ae6954,3,0.6381,0.3967,0.9196,0.5624,86,1,2
43c4af5127ddf16505790132b369002bb3af1dd6e8851c14c8cac75e2e93fdc2,1,0.9228,0.7734,0.8847,0.8843,181,3,4
a982fe5d773ccc066c2232e2217e9c5fb3f4819ee46b97c20a40beda23f3a573,1,0.798,0.7624,0.8533,0.7968,135,5,4
6926e6d704e730b0bd8399e35b02e5db2eda6442beb1234278b1df7b515d13eb,2,0.9732,0.6316,0.7606,0.8931,175,1,3
162079c53df4b1b8739738ac115047cf616fd249c74d70753d87ec6bfa2ce968,5,0.6274,0.474,0.6781,0.2486,113,4,2
36fd6de58ef955aeb0268782974821f18e6af71332dd5b1f776799fa1a657ede,4,0.7432,0.4506,0.8574,0.403,89,3,2
fbcbba9f66a9cec12b9310fdeb8bf072b4d8540ff4ed236cc376082810c5ab41,2,0.7067,0.4416,0.8199,0.7748,105,1,2
796f850179c5921158509466055dcb5fda36aa7b5150ee32c0d4d611d30d7570,0,0.9187,0.9682,0.9593,0.9285,221,5,3
1f4a22549ee5caa3818351ec90468df4f5c8c4e89e5ea3bbe184780157f92224,6,0.6257,0.3885,0.5945,0.4821,76,3,3
45656db82b1bdb95063c934e83e42c12d0e1ac2f78bcc6bd8be9c04daba41495,0,0.9416,0.6518,0.951,0.8742,254,2,7
cebaa80f643875865bd4c4bb4c19bb1c0682f5e931b2b08f161f0ee1d98f820a,5,0.8029,0.5595,0.8051,0.5287,132,3,3
525ac5373cdab6450fffd66d69005a89b5ccee00b0665e9c6c6f1a507008d959,4,0.757,0.5575,0.6854,0.3683,95,5,2
49781ed090bff712e342ab18055320543e3c4a33df910ade36ed040d3a481530,3,0.8045,0.7099,0.94,0.6186,143,5,1
1a7b2406666d82ab7855c0debbedb45b279f2008a52f4b978b19f7047421c3f5,8,0.3838,0.5484,0.7271,0.2586,36,1,1
abc1f31f5ad0042fdb53c9db97d9f78ccead96e5b004eb6aa1c4bdb93050c2cf,5,0.719,0.3854,0.6776,0.371,100,2,0
a164f1dd42ff1001a3f980586e7bf4425cac974d8e2ba5bedfbb400854bc4b0c,2,0.536,0.3464,0.756,0.2992,53,1,1
04db60f844de5c37d48a045c1b18bf280fb985d13c201dddff4e51091d6882c6,0,0.6363,0.6665,0.7535,0.6925,97,2,3
7ca8e28017b6f1ea42e6cb5e57f0e74098126b3e37a4b7b745ffea31febf470f,4,0.9194,0.7234,0.9783,0.6411,126,2,1
cf0bd683283648024088eff2413cb7aa15a248bdbab1bc01d6bbb5eef7a7a4f3,3,0.846,0.7857,1.0,0.7902,174,4,4
63763f122a10aea9e334244a52b1992bcc7782bc0b70c4587aea622097b2d96f,0,0.9316,0.7053,0.8621,0.8694,178,5,3
e1334d3305cf16c2761220426122a83c0ed645effd74d497dcfd0593964e25a7,2,0.8457,0.7994,0.9864,0.7887,157,1,3
54a79c402d8f7913145b389118fa1f957935014e12d65bc03b65996ef5a92767,4,0.3316,0.4111,0.7551,0.2049,32,1,0
0f23938b83bf1425b31b54621f3c3885b6db7babfe416e533195898d08d734f6,0,0.9448,0.7519,0.8493,0.9059,161,2,7
2384d1b65501de2e0c9c4193cb96adbdbdebfd5da1d90d1982552d73e5fccde2,1,0.8368,0.6563,0.8743,0.8162,160,1,4
394cb08cfea01deb852c4cf04430b73aa37309b031fde95f4d0cb4fa52aa8a88,1,0.8756,0.7451,0.8889,0.7052,205,2,2
5d48955ced2cf1775e0606ea65bbf7d87d4462ebbed2340b05c1172a3ba5938e,7,0.3669,0.4842,0.6022,0.2185,22,2,1
5f16c0c12d940e20ac941205def3fe82ec30891827ea85d432115d07be5d85b9,2,0.7433,0.5158,0.8245,0.6415,138,5,2
e0e7d95b8b26d59dc1978302e8bfdaf5ad0143f89c78defd272cf8ac68683fe7,6,0.4617,0.3274,0.6661,0.3328,45,5,2
aec75a855826668cb0fe29ffd11f32fedbf10f63978003d5c56211408a38d408,8,0.5642,0.3576,0.7801,0.4093,133,1,1
ee105d16089a2556e2ed759814646240e555c6aa91734b461812363c9df9ebee,3,0.9154,0.6988,0.7623,0.8666,221,4,5
aadba1f87e595a724df3e817a2d63d46b77d6fec15df61095f9069e083d40c3f,5,0.9083,0.7188,0.8389,0.8299,170,4,4
3d3b99eddd8169b8a995d6a7ac9045108380d61574f5eb6c0b37bacac109df17,1,1.0,0.7684,0.9651,0.7487,139,5,2
c6e0cbe15c3fe10285f59cf04e542e3b1959be9688c13bf38b9c8adcbb09f740,2,0.9249,0.794,1.0,0.8338,201,4,7
628df2f44206edc0a6e804a1a515f6f80df9a2a26fc6f01c85b88f3445f4af67,0,0.9951,0.7617,0.8586,0.6657,178,5,4
aea6001da502a3a41becf5bb41866b07640bc6cd5acf3d6585d4bb5e5e997961,3,0.993,0.774,1.0,0.887,171,5,5
0b8ee921e8ca0ef23d536f6440e21bc7b400a37f3852b81b63f49b8c4fc0f58a,1,0.8329,0.7273,1.0,0.75,150,4,2
91307ef91f62f3bdad79046b2852b93df16960635511d8cb790d5d65095e5364,3,0.6835,0.3498,0.7695,0.4264,142,3,2
ee28a8808724ede320947d3e1f12fc58ed938f4a380bd096bf75ae79d56725a7,0,0.9534,0.8669,0.867,0.8661,178,2,2
5e894f41e8c7bbec9e935c42d3e71596edf4e927913640dc8d1ad56d998ed183,2,0.5872,0.3598,0.8015,0.4513,60,3,3
64ecbf4a9192aa7d5d8a7aae46f1c562e03a4269889d159b38b83b250ce4a013,2,0.6281,0.4848,0.9556,0.6145,128,3,3
746c69dccf99003dd659d5d194c06a33687c2026640f1d47207b5ff8f36ba002,4,0.5888,0.5243,0.6636,0.5072,87,3,2
4ae356e0ecbd48bacd555ed73c0b54f4d6dab8b49a66d4b383d0c7ef9da28607,1,0.9517,0.7511,0.9708,0.8678,179,3,2
5591150ebc41f3fa6770ed9e84d61c04c087c7a6acb62400de8aaf12984d6e84,3,0.3136,0.4081,0.7566,0.359,39,2,1
2d813b7be7d9bf95252e3d9b2e228ccd1127d9224dca62f0ce7f0dc8c0fc3f3c,2,0.9508,0.6735,0.899,0.6785,142,2,6
9e10560be5813c9babcc486515f40e6ad669cb33a32fb075e8dd69a15e75a404,0,1.0,0.6669,0.742,0.7872,159,4,2
40a5e213a38f1eb1ab1bd41595acbb3c82bbf9d824f54e45df43d5c5a451cd09,1,0.6058,0.613,0.7724,0.3745,90,3,2
1f465f862869a8fa8237ff3bb18853a4b8e8ab8982d6a55ac8c4823a47b29817,4,0.7789,0.6422,0.7192,0.6688,106,1,4
47b472c310210ad51bc6e9179e460c535b4216501b3987d25e99735ce6c3f095,3,0.7614,0.5593,0.6562,0.392,95,1,2
da551db8201e29fe267c27076ec548c165074e76256b4971d4b351e52811b361,3,0.5942,0.6194,0.6273,0.6155,123,3,1
c018dae717fa3fbcfaf456b8fff1b12ce20821e43960827b3d058f8304256489,3,1.0,0.6717,1.0,0.8205,173,4,5
182308a17af473e1ee284b0c2dd500026e2c9a088d2d36e7fb19bece5158e230,2,0.7302,0.821,0.7594,0.7022,141,1,4
6bc36c72bb77f021ac56688bb27f46c8f3080a622c572063317bbb86e9de59e7,6,0.6286,0.2291,0.6636,0.1905,21,2,1
fdf4462a111d8e23358b082e0715ca23ce8a9435e5fba6dc559ef1ef99d7cb5b,2,0.4781,0.3889,0.72,0.3159,46,1,1
d6677feefebe479c8c3d4cf99e27603880750c025594486e6efaf25de5cc2e52,2,0.9674,0.6836,0.946,0.782,154,5,2
61e7b591da452550b09836f665912b238bf0c1dd3734ba8012f9dfe2854aa341,6,0.5027,0.365,0.7076,0.3712,54,1,3
162321274ebcb8ce304d88dcec01afb195a51c0f6d2a3f70c893f015c3c16f29,5,0.8568,0.4888,0.8255,0.4441,90,2,3
c0ec74e8f9f5bc5b1370075121fdb553f1e1ff3fcd54ccbc033dc1066530590a,1,0.4563,0.3039,0.6786,0.3644,44,1,1
9af5e0ad21c1b8aff4ce3f686d1c837d802d7ed960dc92c67aa0cd7e19c4ac6a,1,0.8526,0.7184,0.7636,0.4717,134,3,2
8be8ccd14b30799f20ea7b5e838980635122fb2a6ef5324e7d86bf41cc8ea249,2,0.8621,0.5229,0.7897,0.6272,142,3,5
11b15263f2bab676fb96f3ad898e4c36e5b39e6e6dd5ae22239937258ad110ac,2,0.6493,0.5791,0.7341,0.3281,90,1,2
477329a515a1edc201bb3470120ac66ba513d14f1590ce2f4fea9ca5f95fb0d4,5,0.8934,0.7608,0.9041,0.8205,158,3,3
cc608832b7ddaa4f4d87c05930937035c654f7037e8dcc69c434579845f3fe09,1,0.7088,0.5637,0.8843,0.6545,114,2,3
c90be1bcb5e3d4b2b88c7c898dc9099072213ad77a69e46f7a8d5fa4acf1326c,6,0.221,0.3765,0.7287,0.269,67,1,0
6bf3e5075c08889d55b817cc9815bc47103fc0b2f85601966235eb86b32d706d,1,0.9701,0.6877,0.9572,0.8827,151,4,5
f14a2a73e3162b4733f6d44a6457f42d5d60328c146c1e7f488e408b05a71729,0,0.8874,0.6287,0.8699,0.789,176,1,3
f266919a0ce5587c8bf3be991557cd0c0e94bbd128bf316d53d3364a63e88868,1,0.8965,0.5268,0.6505,0.7189,158,2,0
3019222d20676ce795138bcdcbbe95f3f377366f79207b6dd87141dbb798db1b,2,0.9266,0.7809,0.8554,0.7868,157,3,2
0b08da79eacbddab873025861764d1b9cbe88aa5a85669a8bf6353229b760c61,2,1.0,0.794,0.8124,0.8001,201,1,10
8ef21eea6a237d24193e6d6806252d8026d6caf4ad805b1a295e17e467eeefeb,2,0.7154,0.5336,0.6945,0.5977,86,1,2
ee775d2d9e506d3d17cfd276726e094532193443172e2f13c567ef339d90c2e2,5,0.6798,0.6583,0.9422,0.923,149,1,3
c1828cb56b3a55ea6d6a7d57e7fca3f99bf3749da6269af5e61bc23202876ebd,1,1.0,0.7468,0.9811,0.8176,172,2,5
0083f7dc13c08690a7771a899be15f40337bfbe8c7d6a810a4168a45054ebb16,1,0.8504,0.6657,1.0,0.8242,151,4,5
5d4f84aa2c6eae867f7691d095eb5dc36a2af23433112fec3c1baa68d0ac33d9,3,0.8586,0.4298,0.8919,0.6518,145,3,4
a5a88cdc9d86b033eb936d5f656281b09eebbc6c37a3c94a24c3d3a2a5ca970b,0,0.9833,0.7528,1.0,0.8519,177,1,6
6ba75926a685713a83d6d87383e53fed302084eed317ba440ec2fe7d70480711,0,0.9876,0.8017,1.0,0.849,181,5,6
aa44a58b4d66898700a19d21e95df37b33d3b93ba59a2775fecef64111d8bfa0,1,0.7472,0.6142,0.9545,0.6038,127,1,4
eb2455b221543e777a7d3ddf690a4a5b9ce615be706262b5eacf7de02be78ac6,2,0.6522,0.748,0.7809,0.2927,117,1,2
24385aef71c707abbedba2619168532ad4c8b3334f2cae867fcb3a07152447c0,2,0.8556,0.6081,0.8194,0.8947,155,3,2
72e0af4ae27d381fde5646aceb42a1aa2dfb6c0a5ec1a1b287f580769702d882,1,0.7778,0.6687,0.9029,0.7531,165,4,4
36a29dfbbff66588cfd166da93b01639f623c04ef9b494635f087e93fa48e021,4,0.6888,0.5933,0.8228,0.5727,138,3,1
bf73d738b07621eb7e8f211e0a0ecc325b5f1379302309f321df772cbd00c474,4,0.5974,0.5864,0.7468,0.5493,104,4,2
c2b88a23b7b15a597134363becebb829843405b95c3f1aabba19284915fe2523,3,0.744,0.4924,0.8059,0.6729,146,5,3
8d791691ce596c9a44d328a31dc0b7243c5444937cafb6351e808787979d56bf,3,0.7277,0.6256,0.8539,0.5906,131,1,1
3e88b80617212c8dac854dd850db9ca75f8b08a49ef9ed09f0bb42ed1a37138c,1,0.9354,0.7354,0.8279,0.7712,177,2,4
71b1d5e3d4f32a4f0364d59f6886978c225d3f9cda704a462fef5e1bbc5262b7,4,0.6066,0.2624,0.5861,0.3867,98,4,0
fbba1924f25eb0e12ce7a23205e73494e258386212a941543d419ba953178563,6,0.7201,0.5883,0.7278,0.6319,114,3,1
c287e3a30c41a17e9d21abbdfeaaa38980bb7ff90dc5d926465285fd9eebba23,7,0.4322,0.3091,0.6486,0.3233,39,4,0
e736aa84992272e01248e5891248264769b58e409a80c6d7e5deefb03440f2e7,1,0.9704,0.7512,0.8981,0.9693,201,3,3
36aa06ba43c548dbfd72f2b1e7ad3452f1428a8f291659b8f20e0b9912b904c7,5,0.5675,0.3606,0.7327,0.3649,87,3,1
704a9810e770b98e547024089f097ac6a67ff8006516e26b52b2df0d29ca235a,1,0.9161,0.7758,1.0,0.7435,170,2,3
a11c0e884dbccf39408af498b7f9804c486d9bbe80cb7298cede3ef607f53aed,2,0.6861,0.816,0.9293,0.7338,148,5,2
af911adffa781ab861b0a3d70b60dee8ba0022e3c1bebeb901f268a222534fec,2,0.9076,0.7028,0.8349,0.6756,182,4,1
c653728c8fbdea331532346016b56a58a1fce3f3c25525425c3aa1176b07769f,0,0.9037,0.5416,0.8357,0.7683,190,1,5
9bbe84e1720d929c23eedac410414fca6d3fd6d84c52c65612334859de5c62a1,2,1.0,0.8205,0.936,0.8414,236,5,9
7a9098df56478ef474f8bdbd39c9a86094a090f82e13070b7123cc2157554d22,0,1.0,0.7235,1.0,0.812,170,2,4
ba18ec72678c617b9c6c7739d98f0e3126d0c7d3342c884969896e2c11e6d6d6,0,0.8397,0.5345,0.9646,0.6746,133,4,4
0c4371074afd93eea2b88a8945dd269521dfae1ed54518fed96a160113852392,1,1.0,0.7879,0.9973,0.8168,170,3,1
110839824bed5be37499ef90da88ef921c99cad0edb27d1420600e345018e242,3,0.5413,0.6435,0.9246,0.4754,126,1,2
8047ae736906c906847086b1ce220a7ea686f8f33a53e7ae285848513d8c8b95,3,0.5815,0.4173,0.9202,0.5196,116,2,1
9ad466915716206db3a06e535198f590b133efc3fbf5f94df0568be54536a443,1,1.0,0.5864,0.9123,0.9372,188,5,2
ebc0f9f585f6a456442bcf69707a7b61a73e62f781e07c12320fa791ae67bccc,2,0.6685,0.2886,0.9005,0.3129,74,1,5
bde090e547934efb6931d585444ea06743b8040bbcbf3e96bd032d8f7b2a3ac3,1,1.0,0.6791,0.9305,0.6997,170,1,8
6267df1d542c9977fcd76beea217691e30874a310ed5a569cdecadf2997733fd,0,1.0,0.7665,1.0,0.9551,179,5,4
91cf9081e105639bafba69b83827bdf46bfaf1c98849c74f729a89c326441ef6,1,0.9547,0.6907,1.0,0.9448,234,1,1
c7c391caa7bbff87ac8737caeed63b4607f81b97116cc83018547f004706cf28,4,0.4949,0.3276,0.479,0.1639,47,1,1
6e5a137d508ebbd3f49455f49f7ad30b4e1218775b7e5d257666eb42deaaab3b,2,0.7401,0.7041,0.7812,0.7514,132,5,4
52148533c794a394273a40a12ea676130c6048a4fca70816d6a0c81ec5f41815,12,0.4049,0.3821,0.5065,0.3811,37,1,1
4ab88d676cf7293a20d2ef03f148c48ecc439603eec3ba28ecd14baf3a64db55,1,0.8585,0.7293,0.7492,0.704,157,1,7
25bec610044dfd9d2ed5b75ce5d8b7b9fc6d7dbade945b73f29ed3ac5206aa17,5,0.5795,0.5708,0.8393,0.5912,129,4,1
8cc5721adb8201c4812395d8f0bab7c3c9b1a126e89bc72ce0492c06954842c6,3,0.7516,0.5886,1.0,0.6817,151,3,5
212dafe385e0f1c62a87bdb0c0b242a6fc0e7c01ef427aa2224c47772400d254,5,0.8502,0.539,0.853,0.713,152,1,2
6b1429bb15888294893dfa97ee641c11ac2904836a5f199febf762a03bff8a81,0,0.9513,0.594,0.9624,0.6273,144,3,4
f257ad5a9dfb881cc893a5f46c5c466082c377160e60cf6df459b802f894fb09,2,1.0,0.6887,1.0,0.907,169,5,6
4e561057de7a7bd3c173c1bc7cd0fc79c94201b3667b521d36f8c08905350ce3,2,0.7166,0.3802,0.8491,0.6662,109,3,4
27346947d970e8523052706cc22708f3e7e5483b69721e5bbb1290f38c4a0779,3,0.9207,0.6118,0.8905,0.8508,146,1,10
c0c2da0df453273a33acefbde8f3d1c975eb9d7d5893f4ee9d6eb3c3f3f1d904,5,0.7108,0.6463,0.7641,0.6454,139,1,5
c36a0c4bb75a1bf9fdb7c228532fcebb17445b21250b709ae6e5054ea1dc81de,2,0.6619,0.601,0.8305,0.5086,84,2,4
7c9710c7408da69064ac87282d478ec293db2730c026588242b1e26f205856f3,0,0.9444,0.813,1.0,1.0,245,5,5
276345867f41742c8ab245528eb14dd2e5831940255a078fb2b3ef0f505ff0e2,2,0.8926,0.737,0.9853,0.9015,175,3,4
51cd97341dfffdb5586b7c419986e1bfb01baf5b3dd4169bdd01e0d364d7709f,0,0.9818,0.8863,0.9959,0.8612,169,2,4
0e65c87498082f54a84ae13dd3f84c608070737de6067fe34839bce0ea5c850e,6,0.5657,0.3228,0.6979,0.3006,74,1,2
c8b4824d8999b42ef8ea0ca88a5a8cbbe24d4a80c1bd4e887d9b78056f71f6be,2,0.7972,0.583,0.7443,0.6089,147,1,2
a3f66b1c99cc1595acaf7ef7e5bda1fc7c5c2a9712ca1f31ecee48e537a06499,5,0.4128,0.4749,0.7398,0.1719,29,2,2
fa978c505392d7451c9e9ce094ead2096ebc769c16d3df4cd8a24b4ce585be2e,3,0.7708,0.5913,0.7024,0.5293,118,2,2
a5ecde381c7d646247db0aeaceccac1c886c190a96565a6ca93d59274704c0b6,1,0.9907,0.6966,1.0,0.9594,177,3,5
48962630d2a82208f23120631aca5c79bf72bb23377eb8f66c2bf372a140a71e,12,0.4018,0.3776,0.6935,0.2703,70,2,1
ee9d7aaf9e280d558beb12317f0370b150c7dbe535817b57f534f1b604b9c7f7,1,0.6812,0.566,0.7338,0.5847,122,1,3
5322f9eb2195b5e97e6981a640c7c0f860aa015a792b69e376bfa6f1b5db0343,2,1.0,0.654,0.8894,0.802,168,4,3
6f003082d128809a24c7ff4afad6aaf36ae777c85dea8c62c26170ee2e4bed44,3,0.8706,0.5364,1.0,0.6315,128,3,2
eb87ec6e3fbf764fb343bccbd169bf37e28c6e43c1febebc3c931780d80ed48a,3,0.5897,0.6227,0.8245,0.6708,128,2,3
b7459adb97da85dbf174dce1ce703a2ab6e96dadbb48c1a1a39b08c465b2eb71,3,0.8427,0.6002,0.7017,0.5212,122,1,4
2967175e04029f0da0437a3e5a9119a909eded4ac5d8636443bd7c10e454ce4c,5,0.4223,0.4842,0.7061,0.2735,60,1,0
8afeb091d2b6108325ae02df2f3f9e5493f7e2ed974fb45593bfd24bd9de41df,1,0.8994,0.6745,0.8455,0.7889,174,2,2
e57dd04034b481358caaa1d32697f20a9d8d3edd8eb4889932ac3b60846ee2a3,1,0.9033,0.6128,0.6827,0.613,130,1,7
948529e45f2ca500660af0f47ac53c29b51b75ca13a7901a4773265ffa395965,2,0.8375,0.6984,0.8555,0.6832,147,5,1
d4cb8907efb350d460f397bd5c85716b4e3e261e4c29964a8c0a5d83c6f3c672,5,0.5935,0.493,0.5839,0.3086,40,1,1
1b3c6190a911c08d062ea8ff75e03066222bda5658eac41327ce19ce8b8ef197,3,0.9534,0.7596,0.9882,0.7437,168,3,3
547c6e8c37a6bd18fc0729ca588e41dc819195ff1da4f337f567a61a76168bf0,3,0.5574,0.3667,0.697,0.5802,88,1,1
22c68b349d63316706bae6684f42c5de383ee5dce72154597a92517871b6973b,1,0.4935,0.4318,0.8411,0.5025,118,2,2
b102a5b5a0d9c2e89a91c2bf61e996a09d4bf4dc9305500ac9828e9d848174be,6,0.5954,0.2989,0.7018,0.3787,75,3,2
a6dc9a605b5e9fb0595158c095aa7bb6d79c62bbd9eecc37fe7fd6170c2da110,1,0.9493,0.672,0.6357,0.6209,165,5,3
af8de8bd6230ca508c37e880b9cff446de92bd1fdf2dad4e53864ead329d523d,2,0.7742,0.6153,0.9311,0.7775,210,3,2
83b6509ac82c5168cb353d5d41fcd5b2dd5035c63614333452a63c246e8af2f5,2,0.4942,0.5567,0.6482,0.5088,42,4,1
987dd5049ccedaafa87186c33fa6015a4a30212b7047d0a42733e36a3f848664,1,0.809,0.5208,1.0,0.6281,141,2,3
9ccb3e033c74f203f8d109a1a4d4227ec282a4362de78a0af9fa790b16b59f7f,2,0.9032,0.6421,1.0,0.8699,171,2,3
6b0c6bc9cca07e3def1b3621faeb28c9af93ede57c4de738f4fe5440a57a0716,2,0.8169,0.6002,0.8962,0.5232,109,2,2
22b43dc8faf97651c71f2c6105f8caf9eea11ff3b8fe984a9321db7c4264f26b,2,0.465,0.3918,0.5606,0.4706,39,1,0
e95a9bf9113977a0781527c77fb57e7ba962ed304a7bcbf25af0b95e8c2866ae,5,0.842,0.4249,0.8279,0.8362,165,5,5
5e8bf45cfe5155cc627fc6f559fc2924241c2015520db4e6f2763e245737d04e,0,1.0,0.5326,0.9223,0.7911,151,2,5
3d6addf2508194256573b58602cdf5a9e2d038a53226b02ff28bd4cfbb0e5702,2,0.826,0.7243,0.9245,0.7327,197,3,8
949e2b0be526cbcb20089690c0cd517ecc9a78db7bd6f39bd400b8638894dee0,0,0.9882,0.8892,1.0,0.7562,194,5,3
96fb1259c4e2c41eef312ef4db267206478fb7eddd42e059f977dcb7b207ac10,2,0.8194,0.9082,0.9202,0.8469,161,2,1
6fa1b9f66fab895f776933eb59d2cbc3d04850cf61acc8c5292ae43862d5685f,1,0.9242,0.7059,0.8354,0.7173,214,3,2
99ba872a609a0eb39527bd1b32e857572c60bfcb92ff22b244c66f3d2097d00f,1,0.9315,0.7159,0.8636,0.6997,191,5,5
3cea37ff4d0386e6d69f414d503cf62cc372715c8688a6dc906ede74f5460f04,4,0.6232,0.346,0.8003,0.3823,58,3,2
011fa48d47626033df264886b3855a674556e3810f52f89c0908c7f3129baec2,0,0.7972,0.7118,0.862,0.6985,131,5,2
45c053fe66ddb6380289a9582800a46c9ed13e051810c76f4c787890acedfe02,0,0.8923,0.8876,0.9257,0.839,172,5,8
1254aa37a581637a36ceaa4c6749c188b239b15cb2333214f1e7f6109da68b59,0,0.884,0.8475,1.0,0.7555,172,5,4
8f23307da03d7159eb01598bc119e76d59ada61331af41febcdfd65cd8edf8f6,6,0.6815,0.6037,0.7538,0.7029,117,3,1
5eb9841c707084da4102dff34b78fc08ba4320cb203a8bd8f4bab5f70f95da72,1,0.7198,0.4405,0.556,0.4452,95,2,3
fbca694a2f1a20529c6b5d20f2949223f53595ee4c526b6e1fd81f51d000c8bb,3,0.6197,0.4652,0.6462,0.4802,99,1,2
2def0f62f4385dd062d8177ca28d2e80ad9e1024348d146f25b856b8bb0e5590,5,0.5837,0.5622,0.7235,0.3909,63,2,1
95807b987d77c815b209da1aa967d01a627721fe8581945671158e49910f9e48,2,0.9115,0.6909,0.9198,0.8514,193,5,2
9d4a2f13cb1518590d794a882e4e96080444dc0e29e4187893bc024cf08e0e89,4,0.9217,0.5661,0.8021,0.9213,173,5,4
31fd4e36c08c1ee90144176ad62dfaccbf6fd894091ff806a05309d60f105710,0,1.0,0.7159,1.0,0.7963,203,5,7
feae7505ce535bb59da24a521f515b51c057b85fd521fca9f2adff59cc5bf492,5,0.8249,0.558,0.8451,0.5474,115,1,2
e54f029e72dc651857a543719aa38017d66059620aadbd723b5085e675a220ff,0,1.0,0.5564,0.9897,0.6789,196,3,3
a12a23df859774c08b6ebde72eb50f03deef83e87725245168dc30ece8f64ab3,1,0.8087,0.639,0.8946,0.4805,135,2,5
797ebd7e16054d25ec5d3efce72545abaedaab14f281fc0ab397750ad41f95f1,4,0.8345,0.6225,0.6877,0.5666,104,4,3
597838079a7ff93e5daeb6f971851fc4261ea9329f6bae27a504e26150a9b37b,3,0.8621,0.8988,0.9606,0.7694,162,5,0
99e1aea6689fa13f0a46d365df5c39643fb5eebfe013f144b28008155d0b53d4,1,0.9225,0.6155,1.0,0.7414,196,3,3
15b19c3cf1591b22bd80f25d8b2c990b94d607bdf710b2f59aa7f7e4f710fe23,6,0.7025,0.5455,0.852,0.3717,71,3,2
109ea9bcc4addc4a0350d298138493af1f66d5f2c964cc879e5892e8d895dc1b,5,0.6323,0.5341,0.782,0.5142,85,1,1
b33bdd051e3eff8e8cd44a3e6f3679e98a560f011cf8a0d6d2394500527932f2,0,0.9087,0.7953,1.0,0.8907,166,5,2
786cc18985d2213ceee6ea2564814f5e5cf87c94df6c96c5d55c38965d5220c9,0,0.6384,0.4677,0.641,0.4749,103,5,1
43e7752e000bb3c79536f62df249b0e54c222a6ce0951a1c8a5c13a2d8ece2f8,2,0.8405,0.5742,0.903,0.6975,153,4,3
06159e12de7bd31a32b2127cdf26a0ec96d1f5a51ccb602ed42b2d4a27c02f43,5,0.5179,0.4536,0.6195,0.4339,76,2,1
39bde9a2dd080f19c073483ede856ccccb6678ab89786b57d951f4a8a5a85768,2,0.9187,0.6263,0.982,0.5941,153,2,2
ef737ff76668d4e6262440f2387b4e6541cf364df16f2c1be09ce1d3e999de4c,5,0.5608,0.3274,0.7797,0.2519,60,1,1
18d870308fc2950803f4bea0b3eab91563aba051dce8445b6378da3164a8ab6b,0,0.9355,0.9264,0.9028,0.8691,206,5,5
e0474a1245edc6c243b881bb68945a411fe55b2ff6b0b09bffe7897d9f795a69,2,0.7799,0.6461,0.9044,0.828,165,5,2
5adf06e8de1d68ef72b6b3b00640537c78ff26758a885f2333caf47244b513b9,1,0.8915,0.5721,0.994,0.9405,177,2,1
a788124edbb731fa828b5a4b355d73969862e8963d3eed33aaf377664eb1932b,1,0.863,0.7007,1.0,0.7335,190,1,4
7989fcc78de103f9fcb426452643be195b71ee21751032a6bf8fb4e3c1ed2673,0,0.911,0.785,0.782,0.8486,170,2,4
f8727d19d337efb54f60432707b6f49b7a9d31500d483b15636ae67906d8cdc6,2,0.9166,0.6904,0.664,0.6982,145,3,3
9f243efc884423d8b3365055e5566ee9ef883b3a64295604f733dd338d60bc5a,2,0.483,0.467,0.7107,0.3064,84,1,3
9a951351b180f0deb0d11f344be30b649f85e1683f51a929bf05f55eb3ee3464,4,0.7807,0.614,0.4786,0.4067,68,2,4
8de04fde5f5e29d1bf593ce450a3f6252016c1c53ccb501a38b951738b6af49b,2,0.3485,0.2085,0.6318,0.1268,20,1,1
6b1ddedc0f34c531d66ff082753ae332ae0c075776740e516e9b69286299dd56,0,0.8103,0.6935,1.0,0.9033,168,3,2
359f68fdda309fd354ea61dec08063b88a39a1b250911295d2a4f6c1d5c25c7e,1,1.0,0.9196,1.0,0.9754,294,1,2
41b9e55dd4ce9b440018f761b14ef286a63fc8a35aaf2aaabc6a6ed85a998266,3,0.8631,0.4011,0.776,0.5841,136,5,3
ddfdbee4ff47640db1e5df481393becb5517f3a317f6726d3ca8e056356e800c,5,0.6533,0.5178,0.7947,0.4606,91,2,2
c45dab0ada58dc79bae8d147a18765a15edd7108e7bffc49c52c7b7b0ac859af,0,0.9182,0.8293,0.9903,0.8533,155,2,3
868f17788010f3e5a04ef638edaf231ebcf22e60fc78872785fa1b3369dcc854,1,0.9614,0.8621,0.835,0.9143,168,2,5
51b9540609566b94b06edc40e3f7310338912603fa19ba5fa13fe9b57182e774,2,0.4754,0.4197,0.7345,0.186,54,2,1
cf1ba53cd5f1e3bf8c43a860016e68158078daef5be5719232c66acd6cb0d6f5,2,0.8441,0.825,0.9926,0.8272,178,5,4
f011048ffbd3719c092a9ef8555bdabbf2054f3de231f5a29c93a8cbe7d5bde7,2,0.6132,0.5391,0.814,0.6757,133,3,3
2be782cadfb04d9ea1e7bdd52be283cd1d931f053b43931a0486e10d6b8b195b,2,0.7224,0.7623,0.8741,0.5933,155,4,1
c3f38bf29810cf7a37bdc250e791b143fbf29097859774fa7e1f44cff61a9972,0,1.0,0.6401,0.9541,0.875,183,5,1
4c06360c65d824162034c69a8359e4fcdbc72cd9223b240f83210be1d59a3da3,5,0.744,0.349,0.8084,0.3722,92,1,2
fb5ac14924bb1561cd080489a02b8c2f27e932defbe356c7f087ab2b71b13c2d,1,0.9509,0.8153,0.9452,0.8239,207,3,6
5b15c752b726e0a81048b98b48489d6d116e915a10bec827a1643555b7a379d9,3,0.8574,0.6957,0.9787,0.815,178,5,2
9c717c180fc379068fe31d0df1c10b16a0c9d5eaaf4c1c00d962b60e57ccf86b,1,0.8542,0.6806,0.8259,0.5848,172,3,3
211ab044ca1dd507279fead5ba64dcc1b7f35397359f45d127c95389df3141e9,0,0.7077,0.5702,0.6879,0.3535,92,1,5
e3e9717e2a1ecde79e2be50f5dd6ff96ff77f823da8b4619a8e68dc23d9075ad,3,0.6331,0.632,0.7405,0.4893,61,2,1
6aed1748862b528425e3531e573e3e9a82d867c14d81d0d7c9c6e4824c091644,0,0.7518,0.805,0.8797,0.7871,180,4,5
0ceb1edb0ba59b5b2bc3be715a1674bec91891df832857329e9fe0a11cadb088,2,1.0,0.5412,0.9225,0.795,124,4,2
880be7a651ce5ffaa063f97130ae785f89de3da50119f7903915afdcef9d2dc7,5,0.7559,0.5887,0.8361,0.6672,104,3,5
9a91bcb6ecec36f5f89a4f3b2c5b674d2346946aab8f8bbaba4fa6c45d0b1c81,4,0.6869,0.4691,0.7253,0.5126,110,5,3
b72b212244b5085388a67a28e0a8b85981b2ab1dd9fa9a081a35c740fb1cebc5,2,0.5996,0.6056,0.7928,0.6871,124,2,4
c80693043f922eb1f188b4d0ff9982a80ed23096a93d1f4198715ac5171a9c52,5,0.6619,0.4589,0.645,0.4884,111,1,2
f37d649d109f72ac8e990cdd6c76c1e02016f1a8aa472d990a6f6e0956681ef6,7,0.7568,0.6044,0.651,0.5185,117,5,0
b5c3c4f9ee5c28e201608daad674147cabfcc469c3a4f721cf41fc11ef173640,2,0.9315,0.5587,0.8897,0.6049,199,5,5
7762d84bc9e0233175baac22203ca7249e09b1361bb7043c763cae09e5e0816d,4,0.5466,0.1665,0.6683,0.3833,94,1,0
ecc92dc13623a6869255eee2bc575f7fdbfc276408330304f2a91b0e08bf2e2b,1,0.8967,0.5713,0.9893,0.7925,174,2,4
5267500f5c8ea934f58afe3b2bac7711002cab4b15e551714bfde42b2ae77fab,2,0.6457,0.6526,0.7573,0.4837,78,2,0
